사용월,호선명,역ID,지하철역,유임승차,유임하차,무임승차,무임하차
Jun.24,1호선,150,서울역,1375235 ,1312172 ,217760 ,208410 
Jun.24,1호선,151,시청,623388 ,630661 ,97573 ,95530 
Jun.24,1호선,152,종각,914353 ,912364 ,146932 ,137905 
Jun.24,1호선,153,종로3가,471522 ,426339 ,287153 ,264801 
Jun.24,1호선,154,종로5가,440595 ,432871 ,248630 ,242504 
Jun.24,1호선,155,동대문,231365 ,226540 ,129109 ,130444 
Jun.24,1호선,156,신설동,287903 ,276799 ,122597 ,118990 
Jun.24,1호선,157,제기동,230693 ,220271 ,262223 ,280041 
Jun.24,1호선,158,청량리(서울시립대입구),397655 ,379680 ,287057 ,290189 
Jun.24,1호선,159,동묘앞,156165 ,161457 ,163273 ,162912 
Jun.24,2호선,201,시청,648953 ,611509 ,59285 ,54336 
Jun.24,2호선,202,을지로입구,1274944 ,1312288 ,100866 ,94732 
Jun.24,2호선,203,을지로3가,614189 ,609556 ,74197 ,72976 
Jun.24,2호선,204,을지로4가,318509 ,320723 ,73177 ,72581 
Jun.24,2호선,205,동대문역사문화공원(DDP),383045 ,444676 ,59596 ,64891 
Jun.24,2호선,206,신당,334736 ,355312 ,91682 ,93652 
Jun.24,2호선,207,상왕십리,341236 ,329018 ,70762 ,71608 
Jun.24,2호선,208,왕십리(성동구청),404320 ,367863 ,53859 ,48793 
Jun.24,2호선,209,한양대,301414 ,331915 ,13316 ,14311 
Jun.24,2호선,210,뚝섬,646298 ,662850 ,67355 ,67248 
Jun.24,2호선,211,성수,1107129 ,1240300 ,99606 ,100219 
Jun.24,2호선,212,건대입구,994281 ,1046691 ,95916 ,99397 
Jun.24,2호선,213,구의(광진구청),597742 ,572472 ,108898 ,108391 
Jun.24,2호선,214,강변(동서울터미널),772418 ,737922 ,125080 ,121398 
Jun.24,2호선,215,잠실나루,328734 ,316326 ,88827 ,88584 
Jun.24,2호선,216,잠실(송파구청),2083604 ,2053741 ,228907 ,218545 
Jun.24,2호선,217,잠실새내,579320 ,569084 ,115982 ,114755 
Jun.24,2호선,218,종합운동장,467396 ,531351 ,58170 ,60845 
Jun.24,2호선,219,삼성(무역센터),1403975 ,1424615 ,122316 ,113198 
Jun.24,2호선,220,선릉,1278214 ,1125457 ,230471 ,202302 
Jun.24,2호선,221,역삼,1147994 ,1321629 ,140463 ,144383 
Jun.24,2호선,222,강남,2059283 ,2029235 ,156313 ,136845 
Jun.24,2호선,223,교대(법원.검찰청),691031 ,832770 ,150539 ,179639 
Jun.24,2호선,224,서초,522463 ,501367 ,95450 ,94840 
Jun.24,2호선,225,방배,397342 ,413908 ,77541 ,76676 
Jun.24,2호선,226,사당,973327 ,1072626 ,226486 ,211945 
Jun.24,2호선,227,낙성대(강감찬),684733 ,655229 ,115718 ,116934 
Jun.24,2호선,228,서울대입구(관악구청),1141004 ,1110373 ,182257 ,173309 
Jun.24,2호선,229,봉천,537338 ,491852 ,157816 ,156007 
Jun.24,2호선,230,신림,1382311 ,1323776 ,205402 ,202873 
Jun.24,2호선,231,신대방,600752 ,573770 ,135178 ,135744 
Jun.24,2호선,232,구로디지털단지,1375181 ,1352090 ,201300 ,201459 
Jun.24,2호선,233,대림(구로구청),575195 ,584422 ,137018 ,140921 
Jun.24,2호선,234,신도림,1243793 ,1235459 ,236673 ,222261 
Jun.24,2호선,235,문래,534599 ,558664 ,90527 ,90065 
Jun.24,2호선,236,영등포구청,505696 ,523914 ,103593 ,102511 
Jun.24,2호선,237,당산,443501 ,517898 ,59848 ,65538 
Jun.24,2호선,238,합정,879304 ,962157 ,71736 ,73043 
Jun.24,2호선,239,홍대입구,2029079 ,2213946 ,102205 ,99941 
Jun.24,2호선,240,신촌,984486 ,1009038 ,124983 ,122753 
Jun.24,2호선,241,이대,423851 ,463878 ,50992 ,54396 
Jun.24,2호선,242,아현,252310 ,228262 ,66469 ,65155 
Jun.24,2호선,243,충정로(경기대입구),233804 ,246637 ,46611 ,46958 
Jun.24,2호선,244,용답,68687 ,67406 ,18115 ,17897 
Jun.24,2호선,245,신답,36457 ,40142 ,9900 ,10231 
Jun.24,2호선,246,신설동,78297 ,69132 ,33456 ,33721 
Jun.24,2호선,247,도림천,27532 ,28443 ,9095 ,10099 
Jun.24,2호선,248,양천구청,140479 ,148124 ,53671 ,54593 
Jun.24,2호선,249,신정네거리,215153 ,220178 ,76260 ,77858 
Jun.24,2호선,250,용두(동대문구청),48118 ,48073 ,23958 ,25032 
Jun.24,3호선,309,지축,177933 ,175955 ,38002 ,36813 
Jun.24,3호선,310,구파발,492199 ,481731 ,135600 ,130789 
Jun.24,3호선,311,연신내,732100 ,689180 ,261562 ,250682 
Jun.24,3호선,312,불광,338626 ,359164 ,144432 ,161372 
Jun.24,3호선,313,녹번,354759 ,314547 ,81232 ,79713 
Jun.24,3호선,314,홍제,378377 ,350269 ,147821 ,144433 
Jun.24,3호선,315,무악재,92345 ,87483 ,33882 ,36003 
Jun.24,3호선,316,독립문,154791 ,162103 ,75126 ,75958 
Jun.24,3호선,317,경복궁(정부서울청사),630259 ,646812 ,93181 ,90499 
Jun.24,3호선,318,안국,667188 ,699987 ,107653 ,112401 
Jun.24,3호선,319,종로3가,256493 ,298838 ,66253 ,74210 
Jun.24,3호선,320,을지로3가,273077 ,279011 ,47628 ,44570 
Jun.24,3호선,321,충무로,276 ,0 ,8 ,0 
Jun.24,3호선,322,동대입구,258419 ,287577 ,44971 ,47807 
Jun.24,3호선,323,약수,286544 ,283092 ,84028 ,79372 
Jun.24,3호선,324,금호,175799 ,160279 ,54055 ,52517 
Jun.24,3호선,325,옥수,198255 ,203913 ,62648 ,62671 
Jun.24,3호선,326,압구정,740040 ,800237 ,141019 ,139168 
Jun.24,3호선,327,신사,713722 ,753125 ,70624 ,68317 
Jun.24,3호선,328,잠원,114663 ,107969 ,33295 ,31712 
Jun.24,3호선,329,고속터미널,1291884 ,1223067 ,231924 ,215585 
Jun.24,3호선,330,교대(법원.검찰청),376399 ,220226 ,87864 ,49631 
Jun.24,3호선,331,남부터미널(예술의전당),718889 ,730852 ,127857 ,129031 
Jun.24,3호선,332,양재(서초구청),856829 ,946354 ,154033 ,156026 
Jun.24,3호선,333,매봉,267865 ,259679 ,74008 ,69183 
Jun.24,3호선,334,도곡,134495 ,134990 ,29763 ,28386 
Jun.24,3호선,335,대치,278020 ,269580 ,73010 ,70156 
Jun.24,3호선,336,학여울,52095 ,52742 ,19149 ,18092 
Jun.24,3호선,337,대청,238981 ,222040 ,64650 ,62774 
Jun.24,3호선,338,일원,230728 ,221753 ,69795 ,70066 
Jun.24,3호선,339,수서,416208 ,415988 ,124244 ,119917 
Jun.24,3호선,340,가락시장,178127 ,172346 ,81634 ,79742 
Jun.24,3호선,341,경찰병원,161931 ,159496 ,45613 ,46915 
Jun.24,3호선,342,오금,151210 ,134554 ,34392 ,32635 
Jun.24,4호선,409,당고개,202009 ,166371 ,79284 ,77300 
Jun.24,4호선,410,상계,426589 ,389153 ,130037 ,126428 
Jun.24,4호선,411,노원,675657 ,765274 ,164594 ,169382 
Jun.24,4호선,412,창동,541208 ,571401 ,228779 ,235480 
Jun.24,4호선,413,쌍문,658352 ,593828 ,182169 ,178565 
Jun.24,4호선,414,수유(강북구청),782467 ,777791 ,195626 ,195567 
Jun.24,4호선,415,미아(서울사이버대학),328259 ,308552 ,120705 ,121931 
Jun.24,4호선,416,미아사거리,583769 ,567360 ,190626 ,190711 
Jun.24,4호선,417,길음,492580 ,482446 ,127203 ,126403 
Jun.24,4호선,418,성신여대입구(돈암),554147 ,529207 ,92723 ,91107 
Jun.24,4호선,419,한성대입구(삼선교),339558 ,329021 ,76969 ,75073 
Jun.24,4호선,420,혜화,893280 ,918229 ,123916 ,121264 
Jun.24,4호선,421,동대문,420084 ,440367 ,159172 ,153507 
Jun.24,4호선,422,동대문역사문화공원(DDP),499102 ,437082 ,65660 ,58995 
Jun.24,4호선,423,충무로,726577 ,748720 ,116819 ,118017 
Jun.24,4호선,424,명동,922930 ,994968 ,77874 ,80222 
Jun.24,4호선,425,회현(남대문시장),564059 ,600674 ,218179 ,217831 
Jun.24,4호선,426,서울역,314883 ,586926 ,41980 ,57036 
Jun.24,4호선,427,숙대입구(갈월),379702 ,367119 ,57085 ,52374 
Jun.24,4호선,428,삼각지,159484 ,192231 ,25065 ,27211 
Jun.24,4호선,429,신용산,508351 ,550366 ,57589 ,58069 
Jun.24,4호선,430,이촌(국립중앙박물관),210535 ,232186 ,54295 ,56819 
Jun.24,4호선,431,동작(현충원),36515 ,39905 ,19012 ,18677 
Jun.24,4호선,432,총신대입구(이수),400130 ,434766 ,162548 ,169090 
Jun.24,4호선,433,사당,667105 ,592798 ,109009 ,114492 
Jun.24,4호선,434,남태령,33386 ,25502 ,9345 ,8372 
Jun.24,경부선,1001,서울역,289605 ,98841 ,18433 ,4464 
Jun.24,경부선,1002,남영,242345 ,253867 ,39189 ,40386 
Jun.24,경부선,1003,용산,1153738 ,1174769 ,145981 ,144402 
Jun.24,경부선,1004,노량진,210349 ,205704 ,43398 ,40442 
Jun.24,경부선,1005,대방,233759 ,260632 ,60162 ,62058 
Jun.24,경부선,1006,영등포,965086 ,991638 ,313931 ,314891 
Jun.24,경부선,1007,신도림,91104 ,93269 ,26857 ,32038 
Jun.24,경부선,1032,신길,204585 ,170137 ,49193 ,46635 
Jun.24,경부선,1701,구로,401625 ,416976 ,107524 ,104428 
Jun.24,경부선,1702,가산디지털단지,409975 ,472895 ,39038 ,43155 
Jun.24,경부선,1703,금천구청,239555 ,241098 ,85305 ,86583 
Jun.24,경부선,1704,석수,200196 ,181040 ,52828 ,51073 
Jun.24,경부선,1705,관악,159002 ,150905 ,59178 ,57484 
Jun.24,경부선,1706,안양,560485 ,549900 ,129451 ,133385 
Jun.24,경부선,1707,명학,203459 ,200167 ,45978 ,44672 
Jun.24,경부선,1708,금정,663310 ,669980 ,138681 ,139630 
Jun.24,경부선,1709,군포,155838 ,152893 ,39912 ,38947 
Jun.24,경부선,1710,의왕,214648 ,211685 ,46485 ,46233 
Jun.24,경부선,1711,성균관대,387903 ,381367 ,65957 ,66429 
Jun.24,경부선,1712,화서,315640 ,307486 ,53375 ,52019 
Jun.24,경부선,1713,수원,1036075 ,1091749 ,171413 ,173528 
Jun.24,경부선,1714,독산,395619 ,399721 ,70691 ,72026 
Jun.24,경부선,1715,세류,84689 ,79202 ,18153 ,17552 
Jun.24,경부선,1716,병점,392620 ,393157 ,76710 ,76121 
Jun.24,경부선,1717,세마,80718 ,75556 ,17364 ,16384 
Jun.24,경부선,1718,오산대,95872 ,89305 ,21641 ,20764 
Jun.24,경부선,1719,오산,269656 ,267875 ,54021 ,54846 
Jun.24,경부선,1720,진위,39709 ,35604 ,10596 ,10221 
Jun.24,경부선,1721,송탄,122643 ,119284 ,23095 ,22546 
Jun.24,경부선,1722,서정리,219449 ,208030 ,38854 ,38008 
Jun.24,경부선,1723,평택지제,119546 ,114349 ,14809 ,14233 
Jun.24,경부선,1724,평택,354514 ,352391 ,74836 ,73375 
Jun.24,경부선,1725,성환,132576 ,128583 ,22292 ,21861 
Jun.24,경부선,1726,직산,25368 ,25060 ,5929 ,5660 
Jun.24,경부선,1727,두정,209285 ,223403 ,30464 ,31112 
Jun.24,경부선,1728,천안,169987 ,156725 ,60190 ,59627 
Jun.24,경부선,1729,당정,149072 ,141188 ,34034 ,32459 
Jun.24,경부선,1749,서동탄,36346 ,31435 ,8278 ,7827 
Jun.24,경부선,1750,광명,104978 ,87585 ,12926 ,12538 
Jun.24,경인선,1801,개봉,453531 ,436411 ,170636 ,176830 
Jun.24,경인선,1802,오류동,243803 ,221589 ,96010 ,93454 
Jun.24,경인선,1803,역곡,601286 ,591145 ,163247 ,168583 
Jun.24,경인선,1804,부천,700514 ,696544 ,239121 ,242499 
Jun.24,경인선,1805,송내,613455 ,602671 ,140175 ,138706 
Jun.24,경인선,1806,부평,705936 ,753971 ,158328 ,162570 
Jun.24,경인선,1807,백운,154962 ,149012 ,65912 ,66071 
Jun.24,경인선,1808,동암,345070 ,344440 ,113916 ,114402 
Jun.24,경인선,1809,주안,454722 ,409182 ,102085 ,90433 
Jun.24,경인선,1810,제물포,240023 ,227843 ,72356 ,72038 
Jun.24,경인선,1811,동인천,291351 ,270329 ,128732 ,125575 
Jun.24,경인선,1812,인천,89225 ,69520 ,46524 ,42057 
Jun.24,경인선,1813,구일,211947 ,219062 ,51986 ,50876 
Jun.24,경인선,1814,소사,164015 ,154342 ,62802 ,61724 
Jun.24,경인선,1815,부개,179878 ,164370 ,74009 ,72206 
Jun.24,경인선,1816,간석,120499 ,112913 ,50638 ,48996 
Jun.24,경인선,1817,도원,68059 ,68171 ,32765 ,34187 
Jun.24,경인선,1821,온수(성공회대입구),136763 ,126939 ,54419 ,52553 
Jun.24,경인선,1822,중동,188041 ,171208 ,81231 ,79803 
Jun.24,경인선,1823,도화,81639 ,72949 ,43427 ,41914 
Jun.24,경원선,1008,이촌(국립중앙박물관),90136 ,66857 ,33548 ,28125 
Jun.24,경원선,1009,서빙고,50800 ,47632 ,20644 ,20061 
Jun.24,경원선,1010,한남,79067 ,78596 ,27152 ,25768 
Jun.24,경원선,1011,옥수,1646 ,1101 ,176 ,86 
Jun.24,경원선,1012,응봉,37929 ,31403 ,18595 ,16972 
Jun.24,경원선,1013,왕십리(성동구청),426460 ,423413 ,80872 ,82145 
Jun.24,경원선,1014,청량리(서울시립대입구),367286 ,381983 ,153801 ,164392 
Jun.24,경원선,1016,외대앞,235116 ,226760 ,47880 ,47464 
Jun.24,경원선,1017,신이문,174010 ,156864 ,71045 ,69362 
Jun.24,경원선,1018,석계,156870 ,179144 ,63182 ,67993 
Jun.24,경원선,1019,광운대,184682 ,174946 ,58929 ,57211 
Jun.24,경원선,1020,월계,144635 ,129149 ,65594 ,62609 
Jun.24,경원선,1021,녹천,90351 ,72890 ,39835 ,36510 
Jun.24,경원선,1022,창동,117 ,0 ,7 ,0 
Jun.24,경원선,1901,방학,178641 ,171965 ,115806 ,112730 
Jun.24,경원선,1902,도봉,98952 ,92334 ,75442 ,74162 
Jun.24,경원선,1903,도봉산,130742 ,73244 ,121993 ,96221 
Jun.24,경원선,1904,망월사,167688 ,168015 ,74483 ,75964 
Jun.24,경원선,1905,회룡,221093 ,215829 ,162154 ,159600 
Jun.24,경원선,1906,의정부,436675 ,449131 ,125240 ,126231 
Jun.24,경원선,1907,가능,129363 ,122745 ,61283 ,61359 
Jun.24,경원선,1908,녹양,86848 ,81759 ,40210 ,38362 
Jun.24,경원선,1909,양주,161441 ,152563 ,62369 ,59990 
Jun.24,경원선,1910,덕계,134421 ,121225 ,38759 ,37036 
Jun.24,경원선,1911,덕정,145922 ,137315 ,39593 ,39663 
Jun.24,경원선,1912,지행,150836 ,153127 ,50039 ,49952 
Jun.24,경원선,1913,동두천중앙,54302 ,51817 ,37899 ,37488 
Jun.24,경원선,1914,보산,35087 ,32920 ,15146 ,14677 
Jun.24,경원선,1915,동두천,43428 ,41498 ,19394 ,19569 
Jun.24,경원선,1916,소요산,14819 ,14625 ,51268 ,50124 
Jun.24,경원선,1917,청산,2537 ,2011 ,2194 ,1990 
Jun.24,경원선,1918,전곡,23207 ,21337 ,14994 ,13700 
Jun.24,경원선,1919,연천,14505 ,13769 ,26975 ,27796 
Jun.24,안산선,1751,산본,362456 ,388497 ,115114 ,116963 
Jun.24,안산선,1752,대야미,112769 ,99335 ,35746 ,33764 
Jun.24,안산선,1753,반월,94113 ,90467 ,34974 ,34885 
Jun.24,안산선,1754,상록수,368163 ,371459 ,78133 ,79272 
Jun.24,안산선,1755,한대앞,242136 ,241664 ,48809 ,50257 
Jun.24,안산선,1756,중앙,476318 ,500541 ,72392 ,71922 
Jun.24,안산선,1757,고잔,219355 ,209769 ,41955 ,40490 
Jun.24,안산선,1758,초지,125892 ,126534 ,21090 ,21360 
Jun.24,안산선,1759,안산,327776 ,307172 ,41591 ,39380 
Jun.24,안산선,1760,신길온천,49932 ,45230 ,11415 ,11206 
Jun.24,안산선,1761,정왕,254493 ,256811 ,33589 ,34932 
Jun.24,안산선,1762,오이도,203495 ,200779 ,41269 ,40804 
Jun.24,안산선,1763,수리산,84815 ,68027 ,34555 ,32399 
Jun.24,과천선,1450,선바위,179878 ,154187 ,38575 ,37041 
Jun.24,과천선,1451,경마공원,103602 ,104742 ,86157 ,86166 
Jun.24,과천선,1452,대공원,105183 ,109274 ,50410 ,51892 
Jun.24,과천선,1453,과천,140577 ,126675 ,52064 ,49224 
Jun.24,과천선,1454,정부과천청사,265867 ,276098 ,64652 ,63828 
Jun.24,과천선,1455,인덕원,583901 ,595976 ,135278 ,139907 
Jun.24,과천선,1456,평촌,406549 ,392095 ,71664 ,70935 
Jun.24,과천선,1457,범계,656145 ,655037 ,129475 ,127010 
Jun.24,분당선,1023,선릉,287765 ,451647 ,47277 ,64146 
Jun.24,분당선,1024,한티,371983 ,391459 ,75508 ,77088 
Jun.24,분당선,1025,도곡,160700 ,159258 ,57457 ,54890 
Jun.24,분당선,1026,구룡,75566 ,73393 ,28978 ,29220 
Jun.24,분당선,1027,개포동,97603 ,98657 ,33864 ,34274 
Jun.24,분당선,1028,대모산입구,129596 ,120353 ,39588 ,38904 
Jun.24,분당선,1030,수서,395339 ,414063 ,78403 ,82506 
Jun.24,분당선,1031,복정,170 ,0 ,6 ,0 
Jun.24,분당선,1846,수원,207856 ,189917 ,36754 ,34206 
Jun.24,분당선,1847,서울숲,343587 ,352537 ,38621 ,37638 
Jun.24,분당선,1848,압구정로데오,499954 ,564401 ,48815 ,46458 
Jun.24,분당선,1849,강남구청,217591 ,256517 ,40359 ,44074 
Jun.24,분당선,1850,선정릉,163082 ,172485 ,34120 ,33600 
Jun.24,분당선,1851,가천대,242652 ,249011 ,29521 ,29995 
Jun.24,분당선,1852,태평,285778 ,262629 ,96988 ,100618 
Jun.24,분당선,1853,모란,416639 ,413062 ,181993 ,199750 
Jun.24,분당선,1854,야탑,551704 ,588165 ,171319 ,171890 
Jun.24,분당선,1855,서현,549021 ,565675 ,134225 ,130341 
Jun.24,분당선,1856,수내,301025 ,303757 ,81473 ,80361 
Jun.24,분당선,1857,정자,421822 ,441146 ,73453 ,73173 
Jun.24,분당선,1858,미금,315918 ,328330 ,113193 ,119626 
Jun.24,분당선,1859,오리,246611 ,208752 ,77814 ,68577 
Jun.24,분당선,1860,이매,125055 ,116706 ,42822 ,42417 
Jun.24,분당선,1861,보정,54175 ,46934 ,21952 ,20600 
Jun.24,분당선,1862,죽전,315037 ,347428 ,75456 ,80559 
Jun.24,분당선,1863,구성,107514 ,114479 ,41048 ,41124 
Jun.24,분당선,1864,신갈,100144 ,97465 ,32428 ,32313 
Jun.24,분당선,1865,기흥,251580 ,231345 ,47912 ,47108 
Jun.24,분당선,1866,상갈,121357 ,116625 ,34402 ,33775 
Jun.24,분당선,1867,청명,108581 ,103975 ,23657 ,23680 
Jun.24,분당선,1868,영통,228470 ,230834 ,36297 ,35975 
Jun.24,분당선,1869,망포,384779 ,365286 ,45980 ,44196 
Jun.24,분당선,1870,매탄권선,132917 ,128022 ,26073 ,25576 
Jun.24,분당선,1871,수원시청,350030 ,382152 ,51860 ,53342 
Jun.24,분당선,1872,매교,121571 ,119725 ,28158 ,28441 
Jun.24,일산선,1948,원흥,258823 ,244255 ,70061 ,67214 
Jun.24,일산선,1949,지축,61 ,0 ,0 ,0 
Jun.24,일산선,1950,삼송,447786 ,425837 ,101034 ,101787 
Jun.24,일산선,1951,원당,232869 ,216216 ,87855 ,87351 
Jun.24,일산선,1952,화정,367482 ,377016 ,127802 ,130234 
Jun.24,일산선,1953,대곡,73696 ,54226 ,15984 ,13937 
Jun.24,일산선,1954,백석,208439 ,212303 ,79553 ,78574 
Jun.24,일산선,1955,마두,149904 ,152747 ,72868 ,74207 
Jun.24,일산선,1956,정발산,160102 ,168178 ,61562 ,59058 
Jun.24,일산선,1957,주엽,183484 ,183126 ,98765 ,101656 
Jun.24,일산선,1958,대화,301142 ,228666 ,89697 ,82270 
Jun.24,중앙선,1015,회기,648725 ,611886 ,126795 ,123754 
Jun.24,중앙선,1201,중랑,110007 ,104005 ,52020 ,51233 
Jun.24,중앙선,1202,상봉,132923 ,130325 ,46226 ,44975 
Jun.24,중앙선,1203,망우,152275 ,144395 ,75808 ,76108 
Jun.24,중앙선,1204,양원,65941 ,63638 ,23525 ,23564 
Jun.24,중앙선,1205,구리,287847 ,294037 ,90381 ,90878 
Jun.24,중앙선,1206,도농,244393 ,223722 ,71769 ,69338 
Jun.24,중앙선,1207,양정,10002 ,8101 ,7959 ,7073 
Jun.24,중앙선,1208,덕소,111738 ,109894 ,48451 ,48252 
Jun.24,중앙선,1209,도심,47852 ,36686 ,21040 ,19059 
Jun.24,중앙선,1210,팔당,19247 ,20162 ,10608 ,10401 
Jun.24,중앙선,1211,운길산,14171 ,13456 ,13226 ,13444 
Jun.24,중앙선,1212,양수,37731 ,37004 ,27420 ,27283 
Jun.24,중앙선,1213,신원,2981 ,2575 ,3543 ,3260 
Jun.24,중앙선,1214,국수,12440 ,11699 ,9832 ,9946 
Jun.24,중앙선,1215,아신,10655 ,10809 ,7135 ,6984 
Jun.24,중앙선,1216,오빈,4984 ,4832 ,4860 ,5019 
Jun.24,중앙선,1217,양평,64360 ,65490 ,37300 ,38361 
Jun.24,중앙선,1218,원덕,4839 ,4651 ,6889 ,6686 
Jun.24,중앙선,1219,용문,33375 ,33488 ,41628 ,41155 
Jun.24,중앙선,1220,지평,1019 ,1186 ,1185 ,1469 
Jun.24,장항선,1401,봉명,27995 ,28103 ,11226 ,10780 
Jun.24,장항선,1402,쌍용(나사렛대),67623 ,64485 ,17263 ,16307 
Jun.24,장항선,1403,아산,114146 ,100184 ,14933 ,14008 
Jun.24,장항선,1404,탕정,45964 ,41570 ,7069 ,6465 
Jun.24,장항선,1405,배방,32282 ,31644 ,7849 ,7798 
Jun.24,장항선,1407,온양온천,90241 ,91498 ,57926 ,58662 
Jun.24,장항선,1408,신창(순천향대),49838 ,49437 ,7681 ,6986 
Jun.24,경의선,1252,신촌,22948 ,28572 ,3749 ,4537 
Jun.24,경의선,1261,효창공원앞,74258 ,82863 ,17098 ,19102 
Jun.24,경의선,1263,서강대,56703 ,56367 ,12242 ,11315 
Jun.24,경의선,1265,가좌,125934 ,116507 ,46026 ,46410 
Jun.24,경의선,1267,수색,76615 ,77684 ,19744 ,19636 
Jun.24,경의선,1268,한국항공대,65889 ,61223 ,10366 ,10238 
Jun.24,경의선,1269,강매,73386 ,61417 ,19796 ,18786 
Jun.24,경의선,1270,행신,195128 ,194263 ,38872 ,39537 
Jun.24,경의선,1271,능곡,104507 ,97628 ,36107 ,35721 
Jun.24,경의선,1272,곡산,13373 ,14361 ,6394 ,6732 
Jun.24,경의선,1273,백마,174157 ,166838 ,41266 ,40469 
Jun.24,경의선,1274,풍산,140006 ,131285 ,44321 ,43076 
Jun.24,경의선,1275,일산,245866 ,236680 ,74611 ,74735 
Jun.24,경의선,1276,탄현,183418 ,174870 ,44824 ,44423 
Jun.24,경의선,1277,야당,219730 ,225938 ,44591 ,43558 
Jun.24,경의선,1278,운정,183654 ,168153 ,45412 ,44269 
Jun.24,경의선,1279,금릉,129249 ,122874 ,32205 ,31875 
Jun.24,경의선,1280,금촌,151376 ,146754 ,48873 ,48885 
Jun.24,경의선,1282,월롱,51061 ,44809 ,9345 ,9925 
Jun.24,경의선,1283,파주,31719 ,23691 ,8311 ,7456 
Jun.24,경의선,1284,문산,117560 ,114500 ,45997 ,45899 
Jun.24,경의선,1285,임진강,662 ,541 ,703 ,575 
Jun.24,경의선,1286,운천,90 ,28 ,170 ,116 
Jun.24,경의선,1291,서울역,100523 ,125062 ,18373 ,21237 
Jun.24,경의선,1292,공덕,107194 ,83471 ,16914 ,16306 
Jun.24,경의선,1293,홍대입구,61433 ,74441 ,5959 ,6621 
Jun.24,경의선,1294,디지털미디어시티,68846 ,61714 ,13523 ,14342 
Jun.24,경의선,1295,김포공항,0 ,0 ,1 ,0 
Jun.24,경의선,1296,계양,2 ,0 ,0 ,0 
Jun.24,경춘선,1311,신내,56002 ,50482 ,20877 ,20148 
Jun.24,경춘선,1312,갈매,62636 ,53553 ,21752 ,20185 
Jun.24,경춘선,1313,별내,75314 ,70624 ,24979 ,23414 
Jun.24,경춘선,1314,퇴계원,73700 ,66617 ,31579 ,30325 
Jun.24,경춘선,1315,사릉,44907 ,43208 ,16910 ,16980 
Jun.24,경춘선,1316,금곡,26724 ,25338 ,17114 ,16902 
Jun.24,경춘선,1317,평내호평,128144 ,125312 ,49764 ,48080 
Jun.24,경춘선,1318,천마산,27017 ,24223 ,19230 ,19251 
Jun.24,경춘선,1319,마석,78618 ,76904 ,37470 ,37332 
Jun.24,경춘선,1320,대성리,22237 ,22803 ,7241 ,6746 
Jun.24,경춘선,1321,청평,39174 ,38396 ,22479 ,22239 
Jun.24,경춘선,1322,상천,5200 ,4887 ,6041 ,6054 
Jun.24,경춘선,1323,가평,52623 ,52719 ,23183 ,22768 
Jun.24,경춘선,1324,굴봉산,2203 ,2015 ,2836 ,2742 
Jun.24,경춘선,1325,백양리,1433 ,1384 ,1456 ,1463 
Jun.24,경춘선,1326,강촌,11865 ,10793 ,5844 ,5930 
Jun.24,경춘선,1327,김유정,8884 ,9922 ,4955 ,5168 
Jun.24,경춘선,1328,남춘천,63705 ,64282 ,29057 ,30987 
Jun.24,경춘선,1329,춘천,37254 ,33364 ,20625 ,16576 
Jun.24,수인선,1873,고색,127878 ,122444 ,21435 ,19810 
Jun.24,수인선,1874,오목천,112534 ,94887 ,19077 ,18305 
Jun.24,수인선,1875,어천,33469 ,31692 ,8731 ,9477 
Jun.24,수인선,1876,야목,9520 ,8339 ,3179 ,2805 
Jun.24,수인선,1877,사리,126941 ,109196 ,22521 ,20274 
Jun.24,수인선,1878,달월,1986 ,1476 ,1052 ,607 
Jun.24,수인선,1879,월곶,68261 ,61515 ,21390 ,21029 
Jun.24,수인선,1880,소래포구,100065 ,92439 ,67144 ,66146 
Jun.24,수인선,1881,인천논현,122374 ,131306 ,39455 ,40158 
Jun.24,수인선,1882,호구포,86929 ,89742 ,24413 ,24003 
Jun.24,수인선,1883,남동인더스파크,50406 ,56935 ,6958 ,7138 
Jun.24,수인선,1884,원인재,95836 ,99064 ,36667 ,36717 
Jun.24,수인선,1885,연수,112441 ,110968 ,36730 ,36589 
Jun.24,수인선,1886,송도,49554 ,44908 ,25465 ,24747 
Jun.24,수인선,1888,인하대,171981 ,161589 ,33748 ,32279 
Jun.24,수인선,1889,숭의,87541 ,80001 ,34052 ,32508 
Jun.24,수인선,1890,신포,40959 ,41442 ,16296 ,16584 
Jun.24,수인선,1891,인천,21693 ,37857 ,14837 ,19748 
Jun.24,경강선,1501,판교,139339 ,135491 ,20468 ,16935 
Jun.24,경강선,1502,이매,25375 ,21155 ,6920 ,6534 
Jun.24,경강선,1503,삼동,55638 ,49992 ,14977 ,14902 
Jun.24,경강선,1504,경기광주,186872 ,177434 ,36784 ,37043 
Jun.24,경강선,1505,초월,80897 ,75434 ,16989 ,16608 
Jun.24,경강선,1506,곤지암,52522 ,52424 ,15925 ,16398 
Jun.24,경강선,1507,신둔도예촌,35987 ,33421 ,9479 ,9194 
Jun.24,경강선,1508,이천,74443 ,79459 ,16465 ,17587 
Jun.24,경강선,1509,부발,58858 ,58639 ,10944 ,10987 
Jun.24,경강선,1510,세종대왕릉,6646 ,6726 ,4593 ,4535 
Jun.24,경강선,1511,여주,70127 ,69786 ,22504 ,22833 
Jun.24,경강선,1512,성남,21631 ,18640 ,6086 ,6347 
Jun.24,서해선,1980,김포공항,83087 ,97456 ,11544 ,16562 
Jun.24,서해선,1981,원종,96916 ,95822 ,41924 ,43225 
Jun.24,서해선,1982,부천종합운동장,62632 ,52963 ,9031 ,7218 
Jun.24,5호선,2511,방화,142335 ,134358 ,59876 ,58831 
Jun.24,5호선,2512,개화산,127645 ,121088 ,43832 ,42648 
Jun.24,5호선,2513,김포공항,245860 ,188101 ,48495 ,43534 
Jun.24,5호선,2514,송정,134114 ,125414 ,52827 ,50245 
Jun.24,5호선,2515,마곡,282386 ,287045 ,48327 ,47116 
Jun.24,5호선,2516,발산,520743 ,549957 ,112434 ,109388 
Jun.24,5호선,2517,우장산,321215 ,309959 ,101767 ,105502 
Jun.24,5호선,2518,화곡,654568 ,602533 ,156860 ,149858 
Jun.24,5호선,2519,까치산,635338 ,599379 ,163756 ,164842 
Jun.24,5호선,2520,신정(은행정),311125 ,250954 ,66506 ,64003 
Jun.24,5호선,2521,목동,381798 ,407344 ,87265 ,88152 
Jun.24,5호선,2522,오목교(목동운동장앞),508390 ,540529 ,92765 ,92584 
Jun.24,5호선,2523,양평,175980 ,169975 ,31535 ,30933 
Jun.24,5호선,2524,영등포구청,104533 ,103210 ,21107 ,20581 
Jun.24,5호선,2525,영등포시장,250864 ,255827 ,81901 ,82858 
Jun.24,5호선,2526,신길,126755 ,128001 ,12975 ,13241 
Jun.24,5호선,2527,여의도,714938 ,781546 ,56731 ,53690 
Jun.24,5호선,2528,여의나루,414536 ,450763 ,36153 ,35251 
Jun.24,5호선,2529,마포,336201 ,342120 ,65737 ,65297 
Jun.24,5호선,2530,공덕,344293 ,365279 ,51198 ,48215 
Jun.24,5호선,2531,애오개,150180 ,147694 ,40613 ,38786 
Jun.24,5호선,2532,충정로(경기대입구),109613 ,112736 ,15250 ,15505 
Jun.24,5호선,2533,서대문,457442 ,464570 ,72121 ,68052 
Jun.24,5호선,2534,광화문(세종문화회관),811700 ,865240 ,91540 ,91277 
Jun.24,5호선,2535,종로3가,371608 ,387062 ,94491 ,99155 
Jun.24,5호선,2536,을지로4가,135420 ,139644 ,41508 ,40298 
Jun.24,5호선,2537,동대문역사문화공원(DDP),74694 ,86080 ,8021 ,9125 
Jun.24,5호선,2538,청구,85800 ,84664 ,25064 ,20913 
Jun.24,5호선,2539,신금호,144737 ,149674 ,40128 ,45285 
Jun.24,5호선,2540,행당,177216 ,154713 ,53072 ,47489 
Jun.24,5호선,2541,왕십리(성동구청),104383 ,128788 ,26426 ,26850 
Jun.24,5호선,2542,마장,125909 ,115948 ,42609 ,41139 
Jun.24,5호선,2543,답십리,363851 ,322845 ,88399 ,85092 
Jun.24,5호선,2544,장한평,437544 ,427861 ,101509 ,103388 
Jun.24,5호선,2545,군자(능동),290513 ,321256 ,40679 ,46078 
Jun.24,5호선,2546,아차산(어린이대공원후문),337051 ,326723 ,110238 ,107092 
Jun.24,5호선,2547,광나루(장신대),321269 ,297393 ,79138 ,76278 
Jun.24,5호선,2548,천호(풍납토성),421940 ,408240 ,154413 ,156774 
Jun.24,5호선,2549,강동,400592 ,387419 ,112356 ,109720 
Jun.24,5호선,2550,길동,158229 ,161870 ,81627 ,83191 
Jun.24,5호선,2551,굽은다리(강동구민회관앞),201928 ,194342 ,83663 ,78764 
Jun.24,5호선,2552,명일,180935 ,183315 ,77356 ,79491 
Jun.24,5호선,2553,고덕,223578 ,216167 ,79928 ,78462 
Jun.24,5호선,2554,상일동,318243 ,296766 ,95123 ,93465 
Jun.24,5호선,2555,둔촌동,187654 ,185008 ,71682 ,72232 
Jun.24,5호선,2556,올림픽공원(한국체대),145214 ,124716 ,49820 ,41728 
Jun.24,5호선,2557,방이,160260 ,163347 ,52575 ,52911 
Jun.24,5호선,2558,오금,79619 ,80069 ,22979 ,21837 
Jun.24,5호선,2559,개롱,133116 ,137699 ,54344 ,55492 
Jun.24,5호선,2560,거여,216146 ,209684 ,70647 ,68450 
Jun.24,5호선,2561,마천,153503 ,135176 ,61366 ,62383 
Jun.24,5호선,2562,강일,125750 ,112508 ,47711 ,46014 
Jun.24,5호선,2563,미사,420173 ,428608 ,92434 ,91397 
Jun.24,5호선,2564,하남풍산,94192 ,93177 ,36557 ,35987 
Jun.24,5호선,2565,하남시청(덕풍·신장),166390 ,153396 ,81573 ,82012 
Jun.24,5호선,2566,하남검단산,140276 ,131096 ,58359 ,57642 
Jun.24,6호선,2611,응암,380815 ,373001 ,127984 ,126432 
Jun.24,6호선,2612,역촌,73999 ,93738 ,35790 ,35253 
Jun.24,6호선,2613,불광,94846 ,95394 ,45353 ,37216 
Jun.24,6호선,2614,독바위,58823 ,57644 ,22182 ,27399 
Jun.24,6호선,2615,연신내,102 ,0 ,3 ,0 
Jun.24,6호선,2616,구산,181370 ,120814 ,58705 ,60491 
Jun.24,6호선,2617,새절(신사),275308 ,246645 ,93578 ,94218 
Jun.24,6호선,2618,증산(명지대앞),207602 ,205345 ,76587 ,76920 
Jun.24,6호선,2619,디지털미디어시티,345244 ,368945 ,61680 ,61824 
Jun.24,6호선,2620,월드컵경기장(성산),141476 ,165622 ,58445 ,57158 
Jun.24,6호선,2621,마포구청,332584 ,294483 ,84229 ,77070 
Jun.24,6호선,2622,망원,368910 ,396240 ,87837 ,91869 
Jun.24,6호선,2623,합정,361946 ,356327 ,43268 ,39405 
Jun.24,6호선,2624,상수,279987 ,318581 ,22327 ,22542 
Jun.24,6호선,2625,광흥창(서강),208434 ,197278 ,57855 ,56820 
Jun.24,6호선,2626,대흥(서강대앞),218100 ,228247 ,49377 ,48486 
Jun.24,6호선,2627,공덕,447739 ,435462 ,81001 ,76705 
Jun.24,6호선,2628,효창공원앞,172908 ,155195 ,39969 ,36565 
Jun.24,6호선,2629,삼각지,216726 ,185656 ,24030 ,18245 
Jun.24,6호선,2630,녹사평(용산구청),143675 ,148463 ,18697 ,18281 
Jun.24,6호선,2631,이태원,327272 ,365051 ,30526 ,30504 
Jun.24,6호선,2632,한강진,286142 ,340260 ,17283 ,17560 
Jun.24,6호선,2633,버티고개,47494 ,46191 ,14507 ,16073 
Jun.24,6호선,2634,약수,87018 ,83204 ,21835 ,21317 
Jun.24,6호선,2635,청구,91322 ,85042 ,20086 ,22173 
Jun.24,6호선,2636,신당,209898 ,215127 ,38611 ,37931 
Jun.24,6호선,2637,동묘앞,185156 ,191983 ,70882 ,66902 
Jun.24,6호선,2638,창신,81569 ,66700 ,19997 ,18651 
Jun.24,6호선,2639,보문,195781 ,180104 ,32199 ,30870 
Jun.24,6호선,2640,안암(고대병원앞),316039 ,321446 ,37052 ,36365 
Jun.24,6호선,2641,고려대(종암),216330 ,206267 ,37112 ,36282 
Jun.24,6호선,2642,월곡(동덕여대),268285 ,259072 ,72048 ,71053 
Jun.24,6호선,2643,상월곡(한국과학기술연구원),147824 ,132246 ,42724 ,41417 
Jun.24,6호선,2644,돌곶이,227295 ,203788 ,64975 ,63467 
Jun.24,6호선,2645,석계,272461 ,280741 ,83910 ,83062 
Jun.24,6호선,2646,태릉입구,130470 ,151838 ,36855 ,37832 
Jun.24,6호선,2647,화랑대(서울여대입구),289288 ,222042 ,52961 ,47840 
Jun.24,6호선,2648,봉화산(서울의료원),196234 ,182113 ,53487 ,52616 
Jun.24,6호선,2649,신내,10 ,0 ,0 ,0 
Jun.24,7호선,2711,장암,65322 ,26966 ,15837 ,12015 
Jun.24,7호선,2712,도봉산,206879 ,236168 ,57874 ,80958 
Jun.24,7호선,2713,수락산,257012 ,248286 ,107702 ,108899 
Jun.24,7호선,2714,마들,275602 ,252481 ,96319 ,94082 
Jun.24,7호선,2715,노원,549549 ,582760 ,166332 ,163695 
Jun.24,7호선,2716,중계,319128 ,287559 ,102557 ,98767 
Jun.24,7호선,2717,하계,396548 ,365049 ,118936 ,114330 
Jun.24,7호선,2718,공릉(서울과학기술대),269052 ,263723 ,77453 ,77601 
Jun.24,7호선,2719,태릉입구,216917 ,202706 ,52919 ,48452 
Jun.24,7호선,2720,먹골,223381 ,216379 ,71204 ,73220 
Jun.24,7호선,2721,중화,234878 ,227407 ,68602 ,68098 
Jun.24,7호선,2722,상봉,424951 ,410343 ,79668 ,75716 
Jun.24,7호선,2723,면목,331944 ,313767 ,102937 ,105533 
Jun.24,7호선,2724,사가정,354086 ,352084 ,109530 ,109729 
Jun.24,7호선,2725,용마산(용마폭포공원),133796 ,129096 ,40511 ,43765 
Jun.24,7호선,2726,중곡,241061 ,220626 ,67236 ,68354 
Jun.24,7호선,2727,군자(능동),349177 ,265871 ,96054 ,79789 
Jun.24,7호선,2728,어린이대공원(세종대),434960 ,440670 ,46337 ,46451 
Jun.24,7호선,2729,건대입구,336514 ,347714 ,65247 ,59868 
Jun.24,7호선,2730,자양(뚝섬한강공원),307691 ,305586 ,71318 ,71903 
Jun.24,7호선,2731,청담,432079 ,481869 ,79144 ,76383 
Jun.24,7호선,2732,강남구청,381362 ,427894 ,53276 ,54692 
Jun.24,7호선,2733,학동,550567 ,582369 ,66001 ,63062 
Jun.24,7호선,2734,논현,453763 ,469984 ,45318 ,44332 
Jun.24,7호선,2735,반포,146507 ,138484 ,40291 ,38299 
Jun.24,7호선,2736,고속터미널,438951 ,354439 ,81406 ,73098 
Jun.24,7호선,2737,내방,326324 ,330084 ,75666 ,72392 
Jun.24,7호선,2738,이수,390886 ,381147 ,83923 ,79363 
Jun.24,7호선,2739,남성,250758 ,233048 ,81359 ,82110 
Jun.24,7호선,2740,숭실대입구(살피재),330525 ,326948 ,67778 ,70429 
Jun.24,7호선,2741,상도,279256 ,272867 ,67997 ,64191 
Jun.24,7호선,2742,장승배기,191094 ,183223 ,71229 ,71951 
Jun.24,7호선,2743,신대방삼거리,329656 ,307843 ,96055 ,98950 
Jun.24,7호선,2744,보라매,160696 ,165392 ,32307 ,33530 
Jun.24,7호선,2745,신풍,244770 ,224914 ,77958 ,75950 
Jun.24,7호선,2746,대림(구로구청),230153 ,233521 ,47188 ,46715 
Jun.24,7호선,2747,남구로,336689 ,353544 ,64008 ,64797 
Jun.24,7호선,2748,가산디지털단지,1003936 ,1011857 ,96674 ,91280 
Jun.24,7호선,2749,철산,491145 ,497686 ,118387 ,116537 
Jun.24,7호선,2750,광명사거리,420765 ,408389 ,159075 ,165401 
Jun.24,7호선,2751,천왕,259142 ,245182 ,63419 ,63873 
Jun.24,7호선,2752,온수(성공회대입구),233311 ,215622 ,45087 ,42351 
Jun.24,7호선,2753,까치울,0 ,0 ,1 ,0 
Jun.24,7호선,2756,신중동,1 ,0 ,0 ,0 
Jun.24,7호선,2761,부평구청,2 ,0 ,0 ,0 
Jun.24,8호선,2811,암사,416391 ,357650 ,113626 ,110925 
Jun.24,8호선,2812,천호(풍납토성),343091 ,407556 ,93155 ,90605 
Jun.24,8호선,2813,강동구청,221042 ,226642 ,69173 ,69894 
Jun.24,8호선,2814,몽촌토성(평화의문),161804 ,166313 ,35592 ,34743 
Jun.24,8호선,2815,잠실(송파구청),398620 ,475358 ,84046 ,82476 
Jun.24,8호선,2816,석촌,174659 ,210404 ,57154 ,60315 
Jun.24,8호선,2817,송파,200280 ,193073 ,68821 ,67920 
Jun.24,8호선,2818,가락시장,154674 ,176653 ,65161 ,66012 
Jun.24,8호선,2819,문정,502786 ,528246 ,64000 ,63584 
Jun.24,8호선,2820,장지,397023 ,363266 ,90525 ,85865 
Jun.24,8호선,2821,복정,231703 ,196424 ,43052 ,38668 
Jun.24,8호선,2822,산성,147386 ,147649 ,38581 ,41692 
Jun.24,8호선,2823,남한산성입구(성남법원.검찰청),310203 ,277310 ,80671 ,75784 
Jun.24,8호선,2824,단대오거리,268285 ,254058 ,78320 ,75756 
Jun.24,8호선,2825,신흥,106429 ,109725 ,42690 ,44509 
Jun.24,8호선,2826,수진,115173 ,103710 ,48140 ,47025 
Jun.24,8호선,2827,모란,88928 ,72881 ,59468 ,46329 
Jun.24,8호선,2828,남위례,170511 ,172544 ,36007 ,35300 
Jun.24,9호선,4101,개화,63890 ,43410 ,14683 ,12069 
Jun.24,9호선,4102,김포공항,203046 ,285121 ,21268 ,26665 
Jun.24,9호선,4103,공항시장,62882 ,66382 ,26204 ,27985 
Jun.24,9호선,4104,신방화,151651 ,146095 ,50985 ,51380 
Jun.24,9호선,4105,마곡나루(서울식물원),347493 ,346523 ,39415 ,37821 
Jun.24,9호선,4106,양천향교,229912 ,232619 ,50307 ,49413 
Jun.24,9호선,4107,가양,489141 ,477075 ,143822 ,140516 
Jun.24,9호선,4108,증미,175797 ,167447 ,39408 ,40139 
Jun.24,9호선,4109,등촌,254594 ,238753 ,89056 ,89635 
Jun.24,9호선,4110,염창,423377 ,401517 ,81338 ,79327 
Jun.24,9호선,4111,신목동,98957 ,85790 ,26324 ,25145 
Jun.24,9호선,4112,선유도,204463 ,190884 ,32761 ,32311 
Jun.24,9호선,4113,당산,479974 ,476265 ,74836 ,69395 
Jun.24,9호선,4114,국회의사당,373657 ,390940 ,61822 ,55624 
Jun.24,9호선,4115,여의도,773035 ,751872 ,55101 ,50845 
Jun.24,9호선,4116,샛강,146699 ,147285 ,31699 ,31260 
Jun.24,9호선,4117,노량진,649339 ,640691 ,88122 ,87861 
Jun.24,9호선,4118,노들,112057 ,90303 ,35007 ,31819 
Jun.24,9호선,4119,흑석(중앙대입구),211627 ,213558 ,60366 ,59781 
Jun.24,9호선,4120,동작(현충원),54092 ,47524 ,28239 ,27284 
Jun.24,9호선,4121,구반포,26560 ,25759 ,9095 ,9079 
Jun.24,9호선,4122,신반포,93768 ,92657 ,29995 ,29927 
Jun.24,9호선,4123,고속터미널,409115 ,570282 ,76113 ,91494 
Jun.24,9호선,4124,사평,89688 ,84066 ,25486 ,25522 
Jun.24,9호선,4125,신논현,840343 ,835608 ,55785 ,55245 
Jun.24,공항철도 1호선,4201,서울역,392988 ,356279 ,37978 ,34158 
Jun.24,공항철도 1호선,4202,공덕,76784 ,104522 ,9197 ,11119 
Jun.24,공항철도 1호선,4203,홍대입구,432512 ,417261 ,21208 ,19611 
Jun.24,공항철도 1호선,4204,디지털미디어시티,345027 ,326193 ,29854 ,28194 
Jun.24,공항철도 1호선,4206,마곡나루(서울식물원),293379 ,281699 ,18374 ,19092 
Jun.24,공항철도 1호선,4207,김포공항,285757 ,153947 ,24704 ,15826 
Jun.24,공항철도 1호선,4208,계양,336281 ,318499 ,40545 ,38819 
Jun.24,공항철도 1호선,4209,검암,163811 ,170682 ,18437 ,19235 
Jun.24,공항철도 1호선,4210,청라국제도시,196417 ,185470 ,16200 ,15871 
Jun.24,공항철도 1호선,4211,운서,252231 ,266881 ,34001 ,34117 
Jun.24,공항철도 1호선,4212,공항화물청사,46336 ,52231 ,10065 ,10114 
Jun.24,공항철도 1호선,4213,인천공항1터미널,417830 ,405982 ,42447 ,39172 
Jun.24,공항철도 1호선,4215,인천공항2터미널,200319 ,171343 ,20333 ,17400 
Jun.24,공항철도 1호선,4217,영종,100629 ,103407 ,24230 ,24349 
Jun.24,9호선2~3단계,4126,언주,279424 ,285170 ,34233 ,33807 
Jun.24,9호선2~3단계,4127,선정릉,236149 ,257561 ,29669 ,30547 
Jun.24,9호선2~3단계,4128,삼성중앙,178126 ,184232 ,29016 ,28625 
Jun.24,9호선2~3단계,4129,봉은사,558947 ,592307 ,57979 ,55512 
Jun.24,9호선2~3단계,4130,종합운동장,134570 ,130130 ,22596 ,20602 
Jun.24,9호선2~3단계,4131,삼전,183222 ,169056 ,43118 ,42087 
Jun.24,9호선2~3단계,4132,석촌고분,158631 ,151039 ,44472 ,44646 
Jun.24,9호선2~3단계,4133,석촌,236436 ,207013 ,46477 ,40646 
Jun.24,9호선2~3단계,4134,송파나루,129959 ,140420 ,31458 ,32787 
Jun.24,9호선2~3단계,4135,한성백제,72171 ,62828 ,19138 ,17488 
Jun.24,9호선2~3단계,4136,올림픽공원(한국체대),212002 ,223717 ,27232 ,30602 
Jun.24,9호선2~3단계,4137,둔촌오륜,29308 ,28107 ,8792 ,9367 
Jun.24,9호선2~3단계,4138,중앙보훈병원,242651 ,209377 ,83234 ,81062 
Jun.24,우이신설선,4701,북한산우이,63032 ,56982 ,41126 ,42773 
Jun.24,우이신설선,4702,솔밭공원,46700 ,40941 ,32002 ,33531 
Jun.24,우이신설선,4703,4.19민주묘지,63969 ,62264 ,41239 ,36492 
Jun.24,우이신설선,4704,가오리,73624 ,70134 ,53635 ,55293 
Jun.24,우이신설선,4705,화계,57556 ,51447 ,49080 ,49496 
Jun.24,우이신설선,4706,삼양,31403 ,31344 ,29774 ,32314 
Jun.24,우이신설선,4707,삼양사거리,38157 ,38113 ,40060 ,39854 
Jun.24,우이신설선,4708,솔샘,124839 ,112702 ,43756 ,45478 
Jun.24,우이신설선,4709,북한산보국문,140699 ,127434 ,47470 ,46726 
Jun.24,우이신설선,4710,정릉,90994 ,79746 ,50847 ,47301 
Jun.24,우이신설선,4711,성신여대입구(돈암),74860 ,88408 ,33235 ,31802 
Jun.24,우이신설선,4712,보문,32004 ,31542 ,16625 ,16535 
Jun.24,우이신설선,4713,신설동,35891 ,35800 ,32763 ,29048 
Jun.24,신림선,4401,샛강,61379 ,74208 ,15876 ,15086 
Jun.24,신림선,4402,대방,68867 ,52352 ,18976 ,16005 
Jun.24,신림선,4403,서울지방병무청,63203 ,67892 ,26289 ,28623 
Jun.24,신림선,4404,보라매,92935 ,84391 ,26131 ,23566 
Jun.24,신림선,4405,보라매공원,44674 ,48326 ,18847 ,19847 
Jun.24,신림선,4406,보라매병원,141135 ,150606 ,56053 ,55715 
Jun.24,신림선,4407,당곡,96901 ,92295 ,40746 ,40418 
Jun.24,신림선,4408,신림,37310 ,50935 ,18386 ,22460 
Jun.24,신림선,4409,서원,75200 ,62794 ,26365 ,25839 
Jun.24,신림선,4410,서울대벤처타운,210374 ,186553 ,69180 ,68278 
Jun.24,신림선,4411,관악산(서울대),62342 ,64618 ,43040 ,42392 