"행정구역별(읍면동)","성별","연령별",2018,2018,2018,2018,2018,2018,2018,2018,2019,2019,2019,2019,2019,2019,2019,2019,2020,2020,2020,2020,2020,2020,2020,2020,2021,2021,2021,2021,2021,2021,2021,2021,2022,2022,2022,2022,2022,2022,2022,2022
"행정구역별(읍면동)","성별","연령별",1세 이상 인구,비이동자,총이동자,시도내이동자 - 계,시도내이동-시군구내이동자,시도내이동-시군구간이동자,시도간이동자,기타이동자,1세 이상 인구,비이동자,총이동자,시도내이동자 - 계,시도내이동-시군구내이동자,시도내이동-시군구간이동자,시도간이동자,기타이동자,1세 이상 인구,비이동자,총이동자,시도내이동자 - 계,시도내이동-시군구내이동자,시도내이동-시군구간이동자,시도간이동자,기타이동자,1세 이상 인구,비이동자,총이동자,시도내이동자 - 계,시도내이동-시군구내이동자,시도내이동-시군구간이동자,시도간이동자,기타이동자,1세 이상 인구,비이동자,총이동자,시도내이동자 - 계,시도내이동-시군구내이동자,시도내이동-시군구간이동자,시도간이동자,기타이동자
"대구광역시","계","전체",2374574,2100192,274382,194548,93352,101196,68981,10853,2359752,2095489,264263,188506,92214,96292,64469,11288,2346691,2052996,293695,209354,102852,106502,72204,12137,2329245,2073961,255284,183848,88288,95560,64996,6440,2306030,2068825,237205,166367,77615,88752,63486,7352
"대구광역시","계","1~4세",74559,61988,12571,9277,4244,5033,2881,413,69784,59655,10129,7313,3585,3728,2495,321,63414,52828,10586,8100,4002,4098,2220,266,56305,47818,8487,6339,3020,3319,1898,250,51326,43271,8055,5811,2586,3225,1878,366
"대구광역시","계","5~9세",103730,92495,11235,8648,4561,4087,2245,342,103034,92866,10168,7806,4205,3601,2037,325,102097,90294,11803,9358,5111,4247,2081,364,99870,89652,10218,7914,4234,3680,2044,260,95050,84814,10236,7858,4110,3748,2122,256
"대구광역시","계","10~14세",107583,98592,8991,7328,4471,2857,1312,351,104521,96352,8169,6618,4012,2606,1183,368,104188,94763,9425,7789,4821,2968,1145,491,104677,96547,8130,6691,4077,2614,1189,250,104684,96691,7993,6419,3895,2524,1325,249
"대구광역시","계","15~19세",134989,118077,16912,10810,5757,5053,5374,728,126907,109108,17799,11458,5878,5580,5277,1064,116938,97566,19372,12842,6313,6529,5857,673,109105,97846,11259,6763,3912,2851,4178,318,106108,92262,13846,8177,3899,4278,5278,391
"대구광역시","계","20~24세",148529,122153,26376,12937,6170,6767,11040,2399,146623,120187,26436,13307,6389,6918,10544,2585,145435,114953,30482,15195,7337,7858,12924,2363,141295,116697,24598,13157,6212,6945,10548,893,128616,105093,23523,11849,5412,6437,10575,1099
"대구광역시","계","25~29세",154538,122959,31579,18320,7781,10539,11242,2017,155796,124081,31715,18957,8191,10766,10750,2008,157415,121567,35848,21339,9205,12134,12430,2079,156944,123575,33369,20881,8714,12167,11607,881,152139,121576,30563,18656,7496,11160,10972,935
"대구광역시","계","30~34세",135245,106736,28509,19491,7873,11618,8031,987,133203,107053,26150,17590,7382,10208,7461,1099,132711,103823,28888,20100,8607,11493,7826,962,133595,105947,27648,19369,7921,11448,7570,709,137731,110957,26774,18342,7257,11085,7601,831
"대구광역시","계","35~39세",176351,148639,27712,20408,8920,11488,6425,879,168227,144049,24178,17604,7841,9763,5788,786,156528,130708,25820,19268,8827,10441,5723,829,146512,124311,22201,16245,7253,8992,5296,660,137322,117025,20297,14695,6203,8492,4901,701
"대구광역시","계","40~44세",178917,158872,20045,15355,7607,7748,3955,735,172475,153781,18694,14181,7310,6871,3776,737,171916,150522,21394,16450,8466,7984,4149,795,172329,153131,19198,14612,7201,7411,4015,571,173372,154674,18698,14090,6914,7176,3955,653
"대구광역시","계","45~49세",215627,195454,20173,16047,8541,7506,3488,638,210120,191035,19085,15284,8149,7135,3184,617,201843,181453,20390,16096,8839,7257,3498,796,190686,173444,17242,13565,7129,6436,3228,449,182727,167333,15394,12037,6303,5734,2855,502
"대구광역시","계","50~54세",208692,191127,17565,14079,7198,6881,3065,421,211499,194029,17470,14249,7547,6702,2761,460,212185,192447,19738,15710,8253,7457,3248,780,214142,196292,17850,14318,7363,6955,3139,393,212604,196958,15646,12348,6263,6085,2849,449
"대구광역시","계","55~59세",213316,197231,16085,12981,6543,6438,2746,358,209322,193684,15638,12823,6480,6343,2463,352,204849,187991,16858,13350,6774,6576,2929,579,197475,182747,14728,11871,6003,5868,2549,308,195655,183459,12196,9566,4713,4853,2307,323
"대구광역시","계","60~64세",165790,154177,11613,9170,4459,4711,2188,255,175883,163363,12520,10111,4973,5138,2132,277,183936,169977,13959,10937,5486,5451,2509,513,193508,180427,13081,10444,5127,5317,2392,245,196804,186003,10801,8456,4165,4291,2080,265
"대구광역시","계","65~69세",121611,113957,7654,6137,2941,3196,1378,139,124380,116041,8339,6902,3397,3505,1297,140,134574,125320,9254,7301,3528,3773,1648,305,144080,135140,8940,7219,3438,3781,1603,118,149670,142038,7632,5982,2802,3180,1492,158
"대구광역시","계","70~74세",85813,80735,5078,4148,1985,2163,863,67,91299,85675,5624,4745,2356,2389,820,59,97282,91250,6032,4864,2348,2516,1054,114,103315,97505,5810,4723,2274,2449,1037,50,109282,104427,4855,3840,1836,2004,944,71
"대구광역시","계","75세 이상",149284,137000,12284,9412,4301,5111,2748,124,156679,144530,12149,9558,4519,5039,2501,90,161380,147534,13846,10655,4935,5720,2963,228,165407,152882,12525,9737,4410,5327,2703,85,172940,162244,10696,8241,3761,4480,2352,103
"대구광역시","남자","전체",1161724,1026276,135448,95122,45243,49879,35198,5128,1153227,1022273,130954,92701,45125,47576,32973,5280,1145425,999823,145602,103057,50184,52873,36736,5809,1137489,1009793,127696,90473,43180,47293,34007,3216,1123957,1005216,118741,81728,37963,43765,33320,3693
"대구광역시","남자","1~4세",38156,31621,6535,4804,2183,2621,1510,221,35702,30569,5133,3685,1788,1897,1277,171,32513,27109,5404,4118,2044,2074,1138,148,28909,24572,4337,3251,1534,1717,966,120,26339,22283,4056,2913,1269,1644,953,190
"대구광역시","남자","5~9세",53399,47587,5812,4479,2347,2132,1166,167,52787,47555,5232,4018,2167,1851,1031,183,52260,46245,6015,4759,2584,2175,1071,185,51047,45864,5183,3997,2143,1854,1057,129,48595,43395,5200,4012,2087,1925,1069,119
"대구광역시","남자","10~14세",55994,51443,4551,3721,2243,1478,654,176,54370,50092,4278,3483,2133,1350,611,184,54022,49187,4835,4001,2484,1517,592,242,54074,49981,4093,3386,2066,1320,591,116,54031,49947,4084,3302,2001,1301,664,118
"대구광역시","남자","15~19세",69906,61569,8337,5592,2988,2604,2409,336,65371,56404,8967,5958,3083,2875,2537,472,60255,50135,10120,6906,3331,3575,2882,332,56484,50954,5530,3479,2022,1457,1896,155,54196,47206,6990,4195,2012,2183,2617,178
"대구광역시","남자","20~24세",71121,59476,11645,5756,2777,2979,5068,821,70658,58978,11680,5918,2881,3037,4871,891,70021,56961,13060,6628,3313,3315,5633,799,68744,57528,11216,5896,2856,3040,4967,353,62334,51568,10766,5171,2474,2697,5227,368
"대구광역시","남자","25~29세",83832,67168,16664,9147,3970,5177,6497,1020,84079,67538,16541,9515,4163,5352,6001,1025,84465,65856,18609,10668,4691,5977,6904,1037,83848,66218,17630,10553,4561,5992,6655,422,80311,64565,15746,9072,3714,5358,6238,436
"대구광역시","남자","30~34세",71233,56097,15136,10220,4089,6131,4447,469,70781,56645,14136,9388,3984,5404,4227,521,70848,55270,15578,10613,4497,6116,4536,429,71498,56224,15274,10444,4239,6205,4487,343,73875,59262,14613,9697,3863,5834,4477,439
"대구광역시","남자","35~39세",87778,73213,14565,10614,4477,6137,3512,439,84156,71433,12723,9140,3972,5168,3178,405,78741,65161,13580,10056,4486,5570,3154,370,74592,62492,12100,8761,3804,4957,3001,338,70805,59818,10987,7871,3259,4612,2733,383
"대구광역시","남자","40~44세",88541,78013,10528,7834,3664,4170,2288,406,85194,75376,9818,7285,3570,3715,2154,379,85069,73786,11283,8456,4148,4308,2409,418,85145,75041,10104,7456,3510,3946,2322,326,85642,75805,9837,7224,3342,3882,2242,371
"대구광역시","남자","45~49세",105087,94976,10111,7762,4061,3701,1971,378,102620,92890,9730,7549,3901,3648,1829,352,98407,87993,10414,7954,4273,3681,2000,460,93313,84410,8903,6735,3462,3273,1891,277,89451,81670,7781,5933,3083,2850,1538,310
"대구광역시","남자","50~54세",101953,93107,8846,6895,3488,3407,1703,248,102879,93974,8905,7158,3766,3392,1479,268,103280,93180,10100,7841,4022,3819,1800,459,103877,94935,8942,6957,3531,3426,1753,232,103486,95511,7975,6122,3061,3061,1576,277
"대구광역시","남자","55~59세",103939,95919,8020,6455,3256,3199,1384,181,101987,94172,7815,6375,3234,3141,1240,200,99585,91021,8564,6722,3353,3369,1499,343,96561,89035,7526,5979,2974,3005,1374,173,95047,88837,6210,4823,2363,2460,1180,207
"대구광역시","남자","60~64세",80596,74953,5643,4473,2168,2305,1018,152,85173,79119,6054,4887,2424,2463,1032,135,89056,82127,6929,5455,2742,2713,1164,310,93401,86964,6437,5103,2468,2635,1198,136,94750,89324,5426,4233,2084,2149,1032,161
"대구광역시","남자","65~69세",56745,53241,3504,2863,1372,1491,585,56,58302,54385,3917,3274,1613,1661,590,53,62731,58373,4358,3440,1694,1746,757,161,67375,63223,4152,3383,1598,1785,710,59,70419,66729,3690,2915,1359,1556,707,68
"대구광역시","남자","70~74세",38352,36172,2180,1807,874,933,349,24,41122,38705,2417,2064,1008,1056,334,19,44154,41452,2702,2205,1034,1171,440,57,46726,44202,2524,2080,1021,1059,430,14,49433,47284,2149,1705,813,892,411,33
"대구광역시","남자","75세 이상",55092,51721,3371,2700,1286,1414,637,34,58046,54438,3608,3004,1438,1566,582,22,60018,55967,4051,3235,1488,1747,757,59,61895,58150,3745,3013,1391,1622,709,23,65243,62012,3231,2540,1179,1361,656,35
"대구광역시","여자","전체",1212850,1073916,138934,99426,48109,51317,33783,5725,1206525,1073216,133309,95805,47089,48716,31496,6008,1201266,1053173,148093,106297,52668,53629,35468,6328,1191756,1064168,127588,93375,45108,48267,30989,3224,1182073,1063609,118464,84639,39652,44987,30166,3659
"대구광역시","여자","1~4세",36403,30367,6036,4473,2061,2412,1371,192,34082,29086,4996,3628,1797,1831,1218,150,30901,25719,5182,3982,1958,2024,1082,118,27396,23246,4150,3088,1486,1602,932,130,24987,20988,3999,2898,1317,1581,925,176
"대구광역시","여자","5~9세",50331,44908,5423,4169,2214,1955,1079,175,50247,45311,4936,3788,2038,1750,1006,142,49837,44049,5788,4599,2527,2072,1010,179,48823,43788,5035,3917,2091,1826,987,131,46455,41419,5036,3846,2023,1823,1053,137
"대구광역시","여자","10~14세",51589,47149,4440,3607,2228,1379,658,175,50151,46260,3891,3135,1879,1256,572,184,50166,45576,4590,3788,2337,1451,553,249,50603,46566,4037,3305,2011,1294,598,134,50653,46744,3909,3117,1894,1223,661,131
"대구광역시","여자","15~19세",65083,56508,8575,5218,2769,2449,2965,392,61536,52704,8832,5500,2795,2705,2740,592,56683,47431,9252,5936,2982,2954,2975,341,52621,46892,5729,3284,1890,1394,2282,163,51912,45056,6856,3982,1887,2095,2661,213
"대구광역시","여자","20~24세",77408,62677,14731,7181,3393,3788,5972,1578,75965,61209,14756,7389,3508,3881,5673,1694,75414,57992,17422,8567,4024,4543,7291,1564,72551,59169,13382,7261,3356,3905,5581,540,66282,53525,12757,6678,2938,3740,5348,731
"대구광역시","여자","25~29세",70706,55791,14915,9173,3811,5362,4745,997,71717,56543,15174,9442,4028,5414,4749,983,72950,55711,17239,10671,4514,6157,5526,1042,73096,57357,15739,10328,4153,6175,4952,459,71828,57011,14817,9584,3782,5802,4734,499
"대구광역시","여자","30~34세",64012,50639,13373,9271,3784,5487,3584,518,62422,50408,12014,8202,3398,4804,3234,578,61863,48553,13310,9487,4110,5377,3290,533,62097,49723,12374,8925,3682,5243,3083,366,63856,51695,12161,8645,3394,5251,3124,392
"대구광역시","여자","35~39세",88573,75426,13147,9794,4443,5351,2913,440,84071,72616,11455,8464,3869,4595,2610,381,77787,65547,12240,9212,4341,4871,2569,459,71920,61819,10101,7484,3449,4035,2295,322,66517,57207,9310,6824,2944,3880,2168,318
"대구광역시","여자","40~44세",90376,80859,9517,7521,3943,3578,1667,329,87281,78405,8876,6896,3740,3156,1622,358,86847,76736,10111,7994,4318,3676,1740,377,87184,78090,9094,7156,3691,3465,1693,245,87730,78869,8861,6866,3572,3294,1713,282
"대구광역시","여자","45~49세",110540,100478,10062,8285,4480,3805,1517,260,107500,98145,9355,7735,4248,3487,1355,265,103436,93460,9976,8142,4566,3576,1498,336,97373,89034,8339,6830,3667,3163,1337,172,93276,85663,7613,6104,3220,2884,1317,192
"대구광역시","여자","50~54세",106739,98020,8719,7184,3710,3474,1362,173,108620,100055,8565,7091,3781,3310,1282,192,108905,99267,9638,7869,4231,3638,1448,321,110265,101357,8908,7361,3832,3529,1386,161,109118,101447,7671,6226,3202,3024,1273,172
"대구광역시","여자","55~59세",109377,101312,8065,6526,3287,3239,1362,177,107335,99512,7823,6448,3246,3202,1223,152,105264,96970,8294,6628,3421,3207,1430,236,100914,93712,7202,5892,3029,2863,1175,135,100608,94622,5986,4743,2350,2393,1127,116
"대구광역시","여자","60~64세",85194,79224,5970,4697,2291,2406,1170,103,90710,84244,6466,5224,2549,2675,1100,142,94880,87850,7030,5482,2744,2738,1345,203,100107,93463,6644,5341,2659,2682,1194,109,102054,96679,5375,4223,2081,2142,1048,104
"대구광역시","여자","65~69세",64866,60716,4150,3274,1569,1705,793,83,66078,61656,4422,3628,1784,1844,707,87,71843,66947,4896,3861,1834,2027,891,144,76705,71917,4788,3836,1840,1996,893,59,79251,75309,3942,3067,1443,1624,785,90
"대구광역시","여자","70~74세",47461,44563,2898,2341,1111,1230,514,43,50177,46970,3207,2681,1348,1333,486,40,53128,49798,3330,2659,1314,1345,614,57,56589,53303,3286,2643,1253,1390,607,36,59849,57143,2706,2135,1023,1112,533,38
"대구광역시","여자","75세 이상",94192,85279,8913,6712,3015,3697,2111,90,98633,90092,8541,6554,3081,3473,1919,68,101362,91567,9795,7420,3447,3973,2206,169,103512,94732,8780,6724,3019,3705,1994,62,107697,100232,7465,5701,2582,3119,1696,68
"중구","계","전체",74964,61103,13861,10391,2305,8086,3073,397,73654,63071,10583,7475,1964,5511,2786,322,72613,60992,11621,7983,1911,6072,3225,413,71365,60848,10517,7611,1878,5733,2666,240,75909,60240,15669,12255,2185,10070,3145,269
"중구","계","1~4세",2390,1778,612,507,98,409,85,20,2272,1988,284,224,70,154,50,10,2070,1733,337,265,68,197,60,12,1816,1525,291,249,68,181,32,10,1987,1412,575,492,68,424,68,15
"중구","계","5~9세",2724,2252,472,408,102,306,52,12,2745,2462,283,238,76,162,38,7,2697,2372,325,268,102,166,48,9,2744,2382,362,301,96,205,49,12,3019,2332,687,602,120,482,80,5
"중구","계","10~14세",2244,1905,339,294,88,206,26,19,2176,1953,223,197,67,130,18,8,2191,1968,223,199,63,136,15,9,2289,2020,269,244,81,163,19,6,2601,2145,456,400,79,321,46,10
"중구","계","15~19세",2955,2276,679,591,122,469,81,7,2734,2222,512,403,86,317,98,11,2525,1981,544,440,91,349,85,19,2330,2019,311,260,47,213,39,12,2485,1899,586,489,75,414,89,8
"중구","계","20~24세",4538,2997,1541,890,153,737,594,57,4728,3140,1588,841,156,685,690,57,4673,2985,1688,862,179,683,758,68,4437,3026,1411,801,173,628,597,13,4343,2730,1613,1000,168,832,593,20
"중구","계","25~29세",6375,4349,2026,1158,240,918,798,70,6445,4527,1918,1118,291,827,737,63,6609,4414,2195,1226,290,936,896,73,6636,4632,2004,1205,292,913,762,37,6862,4511,2351,1487,268,1219,823,41
"중구","계","30~34세",5359,3665,1694,1240,243,997,409,45,5149,4023,1126,744,178,566,346,36,5120,3797,1323,900,181,719,388,35,5115,3887,1228,869,179,690,339,20,5969,4055,1914,1441,246,1195,447,26
"중구","계","35~39세",5996,4601,1395,1100,226,874,255,40,5853,4915,938,717,168,549,194,27,5483,4489,994,727,179,548,226,41,5235,4341,894,688,159,529,182,24,5598,4082,1516,1217,188,1029,259,40
"중구","계","40~44세",4985,4118,867,698,164,534,145,24,4852,4226,626,463,129,334,134,29,4813,4134,679,517,154,363,136,26,4935,4229,706,529,133,396,152,25,5623,4432,1191,1016,189,827,157,18
"중구","계","45~49세",5699,4719,980,811,199,612,137,32,5576,4936,640,525,120,405,101,14,5368,4654,714,554,125,429,126,34,5066,4468,598,475,106,369,107,16,5322,4279,1043,894,156,738,129,20
"중구","계","50~54세",5533,4683,850,692,134,558,133,25,5381,4799,582,474,123,351,89,19,5448,4768,680,551,113,438,107,22,5492,4867,625,507,118,389,101,17,5969,4933,1036,897,123,774,117,22
"중구","계","55~59세",6015,5323,692,581,131,450,98,13,5662,5191,471,391,122,269,69,11,5362,4844,518,377,79,298,120,21,5045,4578,467,372,101,271,75,20,5245,4510,735,634,93,541,91,10
"중구","계","60~64세",5423,4886,537,446,122,324,81,10,5434,5009,425,335,106,229,73,17,5390,4975,415,311,86,225,89,15,5321,4881,440,348,94,254,77,15,5423,4803,620,531,110,421,76,13
"중구","계","65~69세",4354,4012,342,277,81,196,54,11,4215,3917,298,245,78,167,49,X,4330,4040,290,225,59,166,56,9,4468,4156,312,251,84,167,56,5,4693,4195,498,425,93,332,62,11
"중구","계","70~74세",3759,3485,274,236,68,168,32,6,3706,3484,222,191,71,120,28,X,3814,3592,222,181,43,138,32,9,3727,3520,207,186,62,124,19,X,3854,3505,349,305,79,226,38,6
"중구","계","75세 이상",6615,6054,561,462,134,328,93,6,6726,6279,447,369,123,246,72,6,6720,6246,474,380,99,281,83,11,6709,6317,392,326,85,241,60,6,6916,6417,499,425,130,295,70,X
"중구","남자","전체",35831,29155,6676,4939,1068,3871,1549,188,35110,30124,4986,3494,902,2592,1350,142,34567,29058,5509,3804,889,2915,1505,200,33884,28821,5063,3606,875,2731,1347,110,36048,28555,7493,5783,1034,4749,1575,135
"중구","남자","1~4세",1220,911,309,257,53,204,41,11,1148,1000,148,122,35,87,22,X,1071,900,171,132,34,98,33,6,909,770,139,120,38,82,15,X,1005,717,288,241,34,207,40,7
"중구","남자","5~9세",1415,1175,240,211,40,171,22,7,1417,1282,135,112,34,78,19,X,1378,1212,166,141,57,84,20,5,1420,1237,183,153,44,109,26,X,1525,1172,353,313,61,252,37,X
"중구","남자","10~14세",1146,1000,146,125,35,90,14,7,1142,1038,104,93,28,65,8,X,1152,1042,110,96,28,68,9,5,1196,1062,134,121,41,80,11,X,1345,1126,219,193,42,151,22,X
"중구","남자","15~19세",1401,1111,290,254,50,204,34,X,1296,1098,198,149,21,128,47,X,1254,993,261,206,35,171,45,10,1123,995,128,105,21,84,18,5,1217,946,271,230,37,193,38,X
"중구","남자","20~24세",1938,1363,575,352,39,313,205,18,1991,1413,578,318,47,271,243,17,1943,1337,606,332,64,268,250,24,1897,1354,543,322,58,264,214,7,1818,1219,599,379,64,315,213,7
"중구","남자","25~29세",3249,2209,1040,550,122,428,451,39,3276,2290,986,554,136,418,399,33,3264,2225,1039,598,127,471,409,32,3244,2255,989,554,127,427,416,19,3271,2165,1106,635,112,523,450,21
"중구","남자","30~34세",2768,1868,900,635,121,514,246,19,2658,2064,594,373,95,278,205,16,2648,1928,720,477,93,384,225,18,2592,1935,657,454,92,362,196,7,3056,2069,987,713,119,594,264,10
"중구","남자","35~39세",3089,2318,771,606,119,487,141,24,2995,2500,495,373,89,284,107,15,2817,2288,529,391,90,301,121,17,2709,2203,506,388,86,302,105,13,2933,2093,840,669,109,560,144,27
"중구","남자","40~44세",2564,2133,431,327,72,255,89,15,2488,2168,320,230,61,169,74,16,2477,2123,354,248,80,168,87,19,2538,2184,354,258,61,197,86,10,2827,2221,606,499,99,400,99,8
"중구","남자","45~49세",2880,2392,488,377,88,289,89,22,2779,2467,312,249,71,178,59,X,2636,2287,349,253,60,193,74,22,2496,2208,288,216,56,160,61,11,2609,2120,489,417,74,343,61,11
"중구","남자","50~54세",2714,2283,431,342,72,270,80,9,2626,2335,291,230,57,173,50,11,2647,2302,345,280,64,216,53,12,2663,2347,316,247,53,194,60,9,2928,2438,490,421,56,365,58,11
"중구","남자","55~59세",2892,2539,353,299,67,232,52,X,2736,2498,238,202,69,133,31,5,2611,2324,287,206,44,162,72,9,2469,2222,247,190,44,146,49,8,2550,2173,377,318,41,277,52,7
"중구","남자","60~64세",2550,2295,255,214,62,152,36,5,2545,2333,212,173,54,119,32,7,2534,2333,201,150,38,112,40,11,2507,2288,219,174,47,127,39,6,2599,2312,287,248,49,199,32,7
"중구","남자","65~69세",1885,1722,163,136,46,90,22,5,1862,1719,143,113,38,75,27,X,1912,1777,135,101,28,73,30,X,1981,1831,150,119,44,75,27,X,2085,1843,242,210,52,158,29,X
"중구","남자","70~74세",1577,1466,111,102,30,72,7,X,1555,1460,95,83,25,58,12,X,1610,1508,102,86,20,66,14,X,1560,1483,77,68,26,42,9,X,1615,1466,149,131,30,101,15,X
"중구","남자","75세 이상",2543,2370,173,152,52,100,20,X,2596,2459,137,120,42,78,15,X,2613,2479,134,107,27,80,23,X,2580,2447,133,117,37,80,15,X,2665,2475,190,166,55,111,21,X
"중구","여자","전체",39133,31948,7185,5452,1237,4215,1524,209,38544,32947,5597,3981,1062,2919,1436,180,38046,31934,6112,4179,1022,3157,1720,213,37481,32027,5454,4005,1003,3002,1319,130,39861,31685,8176,6472,1151,5321,1570,134
"중구","여자","1~4세",1170,867,303,250,45,205,44,9,1124,988,136,102,35,67,28,6,999,833,166,133,34,99,27,6,907,755,152,129,30,99,17,6,982,695,287,251,34,217,28,8
"중구","여자","5~9세",1309,1077,232,197,62,135,30,5,1328,1180,148,126,42,84,19,X,1319,1160,159,127,45,82,28,X,1324,1145,179,148,52,96,23,8,1494,1160,334,289,59,230,43,X
"중구","여자","10~14세",1098,905,193,169,53,116,12,12,1034,915,119,104,39,65,10,5,1039,926,113,103,35,68,6,X,1093,958,135,123,40,83,8,X,1256,1019,237,207,37,170,24,6
"중구","여자","15~19세",1554,1165,389,337,72,265,47,5,1438,1124,314,254,65,189,51,9,1271,988,283,234,56,178,40,9,1207,1024,183,155,26,129,21,7,1268,953,315,259,38,221,51,5
"중구","여자","20~24세",2600,1634,966,538,114,424,389,39,2737,1727,1010,523,109,414,447,40,2730,1648,1082,530,115,415,508,44,2540,1672,868,479,115,364,383,6,2525,1511,1014,621,104,517,380,13
"중구","여자","25~29세",3126,2140,986,608,118,490,347,31,3169,2237,932,564,155,409,338,30,3345,2189,1156,628,163,465,487,41,3392,2377,1015,651,165,486,346,18,3591,2346,1245,852,156,696,373,20
"중구","여자","30~34세",2591,1797,794,605,122,483,163,26,2491,1959,532,371,83,288,141,20,2472,1869,603,423,88,335,163,17,2523,1952,571,415,87,328,143,13,2913,1986,927,728,127,601,183,16
"중구","여자","35~39세",2907,2283,624,494,107,387,114,16,2858,2415,443,344,79,265,87,12,2666,2201,465,336,89,247,105,24,2526,2138,388,300,73,227,77,11,2665,1989,676,548,79,469,115,13
"중구","여자","40~44세",2421,1985,436,371,92,279,56,9,2364,2058,306,233,68,165,60,13,2336,2011,325,269,74,195,49,7,2397,2045,352,271,72,199,66,15,2796,2211,585,517,90,427,58,10
"중구","여자","45~49세",2819,2327,492,434,111,323,48,10,2797,2469,328,276,49,227,42,10,2732,2367,365,301,65,236,52,12,2570,2260,310,259,50,209,46,5,2713,2159,554,477,82,395,68,9
"중구","여자","50~54세",2819,2400,419,350,62,288,53,16,2755,2464,291,244,66,178,39,8,2801,2466,335,271,49,222,54,10,2829,2520,309,260,65,195,41,8,3041,2495,546,476,67,409,59,11
"중구","여자","55~59세",3123,2784,339,282,64,218,46,11,2926,2693,233,189,53,136,38,6,2751,2520,231,171,35,136,48,12,2576,2356,220,182,57,125,26,12,2695,2337,358,316,52,264,39,X
"중구","여자","60~64세",2873,2591,282,232,60,172,45,5,2889,2676,213,162,52,110,41,10,2856,2642,214,161,48,113,49,X,2814,2593,221,174,47,127,38,9,2824,2491,333,283,61,222,44,6
"중구","여자","65~69세",2469,2290,179,141,35,106,32,6,2353,2198,155,132,40,92,22,X,2418,2263,155,124,31,93,26,5,2487,2325,162,132,40,92,29,X,2608,2352,256,215,41,174,33,8
"중구","여자","70~74세",2182,2019,163,134,38,96,25,X,2151,2024,127,108,46,62,16,X,2204,2084,120,95,23,72,18,7,2167,2037,130,118,36,82,10,X,2239,2039,200,174,49,125,23,X
"중구","여자","75세 이상",4072,3684,388,310,82,228,73,5,4130,3820,310,249,81,168,57,X,4107,3767,340,273,72,201,60,7,4129,3870,259,209,48,161,45,5,4251,3942,309,259,75,184,49,X
"동구","계","전체",334917,293790,41127,28594,14079,14515,11161,1372,330124,295862,34262,23685,12246,11439,9287,1290,327159,284423,42736,30806,16842,13964,10467,1463,327180,287505,39675,29154,13886,15268,9750,771,327151,293299,33852,23545,10639,12906,9434,873
"동구","계","1~4세",11507,9421,2086,1371,682,689,636,79,10601,9249,1352,851,443,408,444,57,9388,7686,1702,1246,791,455,420,36,8368,6975,1393,1014,514,500,339,40,7811,6557,1254,860,395,465,344,50
"동구","계","5~9세",14555,13006,1549,1085,600,485,420,44,14335,13186,1149,790,488,302,312,47,13931,12245,1686,1285,926,359,345,56,13627,12205,1422,1066,612,454,314,42,13040,11772,1268,943,505,438,292,33
"동구","계","10~14세",12992,11903,1089,832,490,342,221,36,12599,11850,749,586,364,222,135,28,12516,11397,1119,926,652,274,148,45,12752,11710,1042,834,476,358,183,25,12977,12139,838,629,349,280,194,15
"동구","계","15~19세",14696,13038,1658,1323,576,747,293,42,13447,12002,1445,1101,488,613,294,50,12880,10748,2132,1639,703,936,435,58,12175,11052,1123,939,444,495,160,24,11941,10627,1314,1027,367,660,269,18
"동구","계","20~24세",17571,14465,3106,1654,752,902,1228,224,16720,14044,2676,1477,683,794,983,216,16435,13141,3294,1802,806,996,1255,237,15833,13010,2823,1801,738,1063,971,51,14374,12012,2362,1345,530,815,958,59
"동구","계","25~29세",21266,16568,4698,2646,1120,1526,1811,241,21090,16847,4243,2368,1021,1347,1659,216,21284,16114,5170,3102,1415,1687,1865,203,21367,16251,5116,3159,1245,1914,1866,91,20944,16391,4553,2693,1032,1661,1741,119
"동구","계","30~34세",20481,15828,4653,2983,1270,1713,1539,131,20064,16246,3818,2371,1031,1340,1296,151,19720,15057,4663,3118,1582,1536,1433,112,20238,15549,4689,3223,1352,1871,1381,85,21121,16737,4384,2858,1162,1696,1434,92
"동구","계","35~39세",26713,22328,4385,2997,1419,1578,1245,143,25239,21945,3294,2149,1044,1105,1021,124,23046,18913,4133,3017,1710,1307,988,128,21601,17927,3674,2593,1206,1387,981,100,20580,17380,3200,2197,978,1219,898,105
"동구","계","40~44세",24784,21867,2917,2104,1058,1046,699,114,23965,21737,2228,1549,831,718,586,93,23800,20721,3079,2275,1348,927,697,107,24200,21317,2883,2136,1032,1104,664,83,24790,22121,2669,1892,879,1013,686,91
"동구","계","45~49세",26935,24011,2924,2185,1059,1126,641,98,26400,23963,2437,1816,945,871,526,95,25612,22656,2956,2242,1271,971,600,114,24574,21925,2649,2033,978,1055,550,66,24027,21909,2118,1518,683,835,517,83
"동구","계","50~54세",26983,24174,2809,2149,1058,1091,590,70,27044,24691,2353,1824,893,931,467,62,26941,23980,2961,2333,1204,1129,515,113,27479,24437,3042,2440,1122,1318,553,49,27650,25294,2356,1779,777,1002,512,65
"동구","계","55~59세",30093,27304,2789,2235,1162,1073,495,59,29127,26843,2284,1789,989,800,443,52,28214,25479,2735,2141,1155,986,507,87,27077,24501,2576,2072,1011,1061,460,44,26669,24719,1950,1482,742,740,420,48
"동구","계","60~64세",26175,24069,2106,1625,869,756,444,37,27089,25085,2004,1587,923,664,370,47,27805,25420,2385,1920,1076,844,395,70,28932,26528,2404,1979,1011,968,396,29,29133,27353,1780,1362,664,698,376,42
"동구","계","65~69세",20378,18962,1416,1126,625,501,269,21,20484,19089,1395,1143,700,443,231,21,21988,20393,1595,1238,737,501,311,46,23375,21653,1722,1418,790,628,284,20,24135,22803,1332,1017,562,455,288,27
"동구","계","70~74세",14760,13800,960,761,458,303,185,14,15653,14727,926,780,514,266,128,18,16550,15507,1043,867,506,361,159,17,17571,16503,1068,852,489,363,203,13,18504,17682,822,657,349,308,152,13
"동구","계","75세 이상",25028,23046,1982,1518,881,637,445,19,26267,24358,1909,1504,889,615,392,13,27049,24966,2083,1655,960,695,394,34,28011,25962,2049,1595,866,729,445,9,29455,27803,1652,1286,665,621,353,13
"동구","남자","전체",163508,143054,20454,14100,6908,7192,5697,657,160786,143927,16859,11503,5927,5576,4736,620,159240,138047,21193,15022,8092,6930,5484,687,159245,139341,19904,14323,6819,7504,5181,400,158985,141827,17158,11760,5278,6482,4918,480
"동구","남자","1~4세",5891,4760,1131,735,370,365,350,46,5396,4729,667,412,228,184,225,30,4751,3896,855,621,393,228,215,19,4306,3580,726,529,280,249,168,29,3979,3357,622,416,183,233,176,30
"동구","남자","5~9세",7590,6764,826,580,322,258,219,27,7406,6822,584,395,237,158,160,29,7139,6310,829,627,450,177,175,27,6873,6160,713,534,308,226,162,17,6627,5982,645,490,266,224,141,14
"동구","남자","10~14세",6793,6225,568,438,256,182,110,20,6596,6218,378,291,175,116,67,20,6509,5948,561,459,327,132,76,26,6599,6077,522,424,248,176,86,12,6701,6252,449,345,191,154,94,10
"동구","남자","15~19세",7694,6825,869,723,319,404,128,18,6976,6173,803,623,266,357,163,17,6833,5601,1232,925,353,572,268,39,6510,5921,589,492,232,260,86,11,6319,5523,796,625,202,423,162,9
"동구","남자","20~24세",8416,7129,1287,711,336,375,520,56,7991,6925,1066,619,305,314,391,56,7925,6570,1355,803,373,430,491,61,7799,6539,1260,836,353,483,403,21,7048,6044,1004,592,249,343,393,19
"동구","남자","25~29세",11499,9021,2478,1345,573,772,1015,118,11348,9187,2161,1155,508,647,897,109,11294,8692,2602,1504,678,826,1011,87,11230,8554,2676,1561,634,927,1071,44,10837,8519,2318,1319,506,813,939,60
"동구","남자","30~34세",10686,8219,2467,1570,655,915,837,60,10532,8476,2056,1256,542,714,729,71,10535,8021,2514,1602,801,801,862,50,10801,8247,2554,1687,699,988,830,37,11307,8882,2425,1534,632,902,835,56
"동구","남자","35~39세",13485,11127,2358,1615,761,854,668,75,12846,11074,1772,1130,532,598,570,72,11779,9553,2226,1615,902,713,555,56,11248,9173,2075,1448,658,790,576,51,10776,9022,1754,1208,550,658,488,58
"동구","남자","40~44세",12973,11381,1592,1122,542,580,404,66,12467,11255,1212,827,445,382,334,51,12235,10581,1654,1177,675,502,420,57,12336,10778,1558,1097,521,576,410,51,12647,11180,1467,1003,446,557,404,60
"동구","남자","45~49세",13601,12147,1454,1035,520,515,361,58,13393,12158,1235,885,465,420,290,60,13091,11558,1533,1111,651,460,353,69,12511,11171,1340,989,489,500,313,38,12186,11094,1092,744,357,387,298,50
"동구","남자","50~54세",13010,11613,1397,1023,479,544,335,39,13023,11808,1215,910,445,465,267,38,13039,11554,1485,1137,565,572,289,59,13360,11903,1457,1140,529,611,290,27,13614,12426,1188,854,346,508,297,37
"동구","남자","55~59세",14144,12790,1354,1079,571,508,244,31,13781,12644,1137,888,484,404,215,34,13386,12060,1326,1008,545,463,264,54,12996,11638,1358,1077,508,569,256,25,12705,11751,954,724,368,356,199,31
"동구","남자","60~64세",12284,11285,999,780,417,363,194,25,12679,11721,958,757,428,329,182,19,13023,11854,1169,947,511,436,182,40,13507,12343,1164,951,477,474,194,19,13604,12719,885,685,333,352,175,25
"동구","남자","65~69세",9446,8781,665,523,286,237,134,8,9448,8829,619,515,324,191,98,6,10032,9291,741,569,331,238,145,27,10690,9888,802,659,362,297,132,11,11024,10394,630,479,252,227,141,10
"동구","남자","70~74세",6585,6161,424,344,211,133,77,X,6996,6592,404,352,237,115,46,6,7456,7004,452,371,218,153,74,7,7873,7385,488,401,235,166,83,X,8344,7935,409,331,184,147,71,7
"동구","남자","75세 이상",9411,8826,585,477,290,187,101,7,9908,9316,592,488,306,182,102,X,10213,9554,659,546,319,227,104,9,10606,9984,622,498,286,212,121,X,11267,10747,520,411,213,198,105,X
"동구","여자","전체",171409,150736,20673,14494,7171,7323,5464,715,169338,151935,17403,12182,6319,5863,4551,670,167919,146376,21543,15784,8750,7034,4983,776,167935,148164,19771,14831,7067,7764,4569,371,168166,151472,16694,11785,5361,6424,4516,393
"동구","여자","1~4세",5616,4661,955,636,312,324,286,33,5205,4520,685,439,215,224,219,27,4637,3790,847,625,398,227,205,17,4062,3395,667,485,234,251,171,11,3832,3200,632,444,212,232,168,20
"동구","여자","5~9세",6965,6242,723,505,278,227,201,17,6929,6364,565,395,251,144,152,18,6792,5935,857,658,476,182,170,29,6754,6045,709,532,304,228,152,25,6413,5790,623,453,239,214,151,19
"동구","여자","10~14세",6199,5678,521,394,234,160,111,16,6003,5632,371,295,189,106,68,8,6007,5449,558,467,325,142,72,19,6153,5633,520,410,228,182,97,13,6276,5887,389,284,158,126,100,5
"동구","여자","15~19세",7002,6213,789,600,257,343,165,24,6471,5829,642,478,222,256,131,33,6047,5147,900,714,350,364,167,19,5665,5131,534,447,212,235,74,13,5622,5104,518,402,165,237,107,9
"동구","여자","20~24세",9155,7336,1819,943,416,527,708,168,8729,7119,1610,858,378,480,592,160,8510,6571,1939,999,433,566,764,176,8034,6471,1563,965,385,580,568,30,7326,5968,1358,753,281,472,565,40
"동구","여자","25~29세",9767,7547,2220,1301,547,754,796,123,9742,7660,2082,1213,513,700,762,107,9990,7422,2568,1598,737,861,854,116,10137,7697,2440,1598,611,987,795,47,10107,7872,2235,1374,526,848,802,59
"동구","여자","30~34세",9795,7609,2186,1413,615,798,702,71,9532,7770,1762,1115,489,626,567,80,9185,7036,2149,1516,781,735,571,62,9437,7302,2135,1536,653,883,551,48,9814,7855,1959,1324,530,794,599,36
"동구","여자","35~39세",13228,11201,2027,1382,658,724,577,68,12393,10871,1522,1019,512,507,451,52,11267,9360,1907,1402,808,594,433,72,10353,8754,1599,1145,548,597,405,49,9804,8358,1446,989,428,561,410,47
"동구","여자","40~44세",11811,10486,1325,982,516,466,295,48,11498,10482,1016,722,386,336,252,42,11565,10140,1425,1098,673,425,277,50,11864,10539,1325,1039,511,528,254,32,12143,10941,1202,889,433,456,282,31
"동구","여자","45~49세",13334,11864,1470,1150,539,611,280,40,13007,11805,1202,931,480,451,236,35,12521,11098,1423,1131,620,511,247,45,12063,10754,1309,1044,489,555,237,28,11841,10815,1026,774,326,448,219,33
"동구","여자","50~54세",13973,12561,1412,1126,579,547,255,31,14021,12883,1138,914,448,466,200,24,13902,12426,1476,1196,639,557,226,54,14119,12534,1585,1300,593,707,263,22,14036,12868,1168,925,431,494,215,28
"동구","여자","55~59세",15949,14514,1435,1156,591,565,251,28,15346,14199,1147,901,505,396,228,18,14828,13419,1409,1133,610,523,243,33,14081,12863,1218,995,503,492,204,19,13964,12968,996,758,374,384,221,17
"동구","여자","60~64세",13891,12784,1107,845,452,393,250,12,14410,13364,1046,830,495,335,188,28,14782,13566,1216,973,565,408,213,30,15425,14185,1240,1028,534,494,202,10,15529,14634,895,677,331,346,201,17
"동구","여자","65~69세",10932,10181,751,603,339,264,135,13,11036,10260,776,628,376,252,133,15,11956,11102,854,669,406,263,166,19,12685,11765,920,759,428,331,152,9,13111,12409,702,538,310,228,147,17
"동구","여자","70~74세",8175,7639,536,417,247,170,108,11,8657,8135,522,428,277,151,82,12,9094,8503,591,496,288,208,85,10,9698,9118,580,451,254,197,120,9,10160,9747,413,326,165,161,81,6
"동구","여자","75세 이상",15617,14220,1397,1041,591,450,344,12,16359,15042,1317,1016,583,433,290,11,16836,15412,1424,1109,641,468,290,25,17405,15978,1427,1097,580,517,324,6,18188,17056,1132,875,452,423,248,9
"서구","계","전체",178512,161114,17398,13491,7107,6384,3329,578,170042,152718,17324,13774,7648,6126,3032,518,165958,148762,17196,12860,5289,7571,3484,852,161351,146591,14760,11559,5046,6513,2880,321,156583,143593,12990,10158,4043,6115,2523,309
"서구","계","1~4세",3639,3124,515,387,162,225,103,25,3160,2752,408,303,163,140,84,21,2656,2285,371,290,126,164,64,17,2219,1921,298,224,90,134,65,9,1935,1578,357,278,79,199,53,26
"서구","계","5~9세",4893,4430,463,384,257,127,68,11,4575,4145,430,358,243,115,63,9,4432,4035,397,320,164,156,66,11,4196,3798,398,317,178,139,69,12,3906,3509,397,330,148,182,60,7
"서구","계","10~14세",5147,4716,431,374,250,124,49,8,4797,4404,393,340,241,99,38,15,4584,4230,354,313,184,129,29,12,4476,4194,282,241,156,85,29,12,4420,4123,297,259,134,125,33,5
"서구","계","15~19세",8016,7104,912,781,420,361,113,18,7121,6173,948,817,373,444,118,13,6186,5136,1050,917,289,628,119,14,5495,5090,405,352,193,159,46,7,5133,4488,645,568,136,432,67,10
"서구","계","20~24세",10674,8988,1686,1010,532,478,593,83,9634,8113,1521,930,514,416,505,86,8952,7427,1525,855,341,514,588,82,8175,6986,1189,768,316,452,390,31,7056,6059,997,590,214,376,382,25
"서구","계","25~29세",12216,10247,1969,1277,590,687,557,135,11675,9757,1918,1306,618,688,498,114,11420,9436,1984,1285,449,836,588,111,11064,9141,1923,1309,438,871,566,48,10250,8649,1601,1041,333,708,523,37
"서구","계","30~34세",9208,7836,1372,989,424,565,315,68,8594,7251,1343,947,454,493,317,79,8329,6969,1360,972,330,642,329,59,8355,6945,1410,1056,329,727,306,48,8608,7339,1269,951,286,665,258,60
"서구","계","35~39세",11020,9680,1340,1017,491,526,277,46,9820,8661,1159,879,416,463,237,43,8830,7670,1160,855,312,543,248,57,8082,7043,1039,803,301,502,203,33,7510,6499,1011,794,247,547,180,37
"서구","계","40~44세",10934,9784,1150,907,477,430,192,51,9962,8902,1060,844,473,371,180,36,9641,8579,1062,809,341,468,192,61,9353,8414,939,746,342,404,169,24,9183,8348,835,697,263,434,119,19
"서구","계","45~49세",14470,13143,1327,1141,618,523,159,27,13287,11973,1314,1109,651,458,176,29,12457,11279,1178,947,423,524,150,81,11296,10306,990,793,388,405,167,30,10499,9696,803,673,288,385,110,20
"서구","계","50~54세",17012,15561,1451,1243,715,528,179,29,16158,14689,1469,1289,784,505,158,22,15479,14102,1377,1117,494,623,178,82,14776,13579,1197,1013,466,547,163,21,13955,13000,955,782,367,415,153,20
"서구","계","55~59세",19442,18034,1408,1220,715,505,156,32,18349,16834,1515,1349,838,511,151,15,17693,16282,1411,1119,514,605,208,84,16630,15486,1144,961,484,477,168,15,15733,14791,942,794,387,407,131,17
"서구","계","60~64세",16040,15011,1029,849,491,358,161,19,16315,15105,1210,1061,624,437,135,14,16820,15590,1230,962,443,519,192,76,17406,16279,1127,975,472,503,139,13,17427,16513,914,790,407,383,110,14
"서구","계","65~69세",12622,11942,680,584,326,258,82,14,12540,11711,829,735,433,302,83,11,13396,12570,826,643,293,350,127,56,14022,13304,718,598,291,307,109,11,14047,13441,606,499,234,265,102,5
"서구","계","70~74세",8738,8320,418,366,200,166,50,X,9094,8508,586,517,295,222,66,X,9591,9049,542,429,194,235,96,17,10129,9622,507,444,202,242,62,X,10716,10339,377,320,160,160,53,X
"서구","계","75세 이상",14441,13194,1247,962,439,523,275,10,14961,13740,1221,990,528,462,223,8,15492,14123,1369,1027,392,635,310,32,15677,14483,1194,959,400,559,229,6,16205,15221,984,792,360,432,189,X
"서구","남자","전체",88409,79711,8698,6714,3481,3233,1710,274,84098,75200,8898,7076,3900,3176,1585,237,81809,73117,8692,6422,2676,3746,1806,464,79613,72063,7550,5826,2490,3336,1570,154,76967,70434,6533,5016,2002,3014,1354,163
"서구","남자","1~4세",1867,1610,257,195,76,119,48,14,1625,1417,208,150,81,69,42,16,1397,1194,203,154,67,87,38,11,1166,1012,154,116,47,69,34,X,1034,846,188,144,41,103,30,14
"서구","남자","5~9세",2477,2236,241,195,134,61,39,7,2286,2061,225,191,135,56,28,6,2239,2039,200,160,88,72,34,6,2138,1942,196,156,90,66,35,5,1998,1794,204,176,81,95,25,X
"서구","남자","10~14세",2678,2460,218,192,123,69,21,5,2466,2253,213,188,131,57,19,6,2312,2147,165,148,89,59,10,7,2262,2133,129,115,66,49,9,5,2228,2071,157,144,72,72,11,X
"서구","남자","15~19세",4271,3753,518,432,222,210,76,10,3833,3282,551,468,199,269,77,6,3231,2706,525,445,155,290,75,5,2873,2658,215,182,97,85,30,X,2612,2309,303,255,63,192,42,6
"서구","남자","20~24세",5370,4559,811,475,245,230,314,22,4863,4095,768,462,267,195,286,20,4486,3759,727,403,170,233,285,39,4152,3580,572,351,149,202,209,12,3558,3087,471,266,118,148,196,9
"서구","남자","25~29세",6852,5772,1080,691,329,362,327,62,6498,5464,1034,696,347,349,283,55,6351,5262,1089,704,243,461,339,46,6149,5092,1057,704,254,450,338,15,5555,4736,819,501,167,334,304,14
"서구","남자","30~34세",5231,4461,770,561,234,327,180,29,4980,4199,781,555,261,294,189,37,4856,4079,777,550,188,362,202,25,4838,4014,824,623,190,433,179,22,4959,4246,713,525,168,357,154,34
"서구","남자","35~39세",5965,5251,714,533,234,299,156,25,5332,4686,646,506,242,264,120,20,4814,4179,635,464,176,288,144,27,4459,3855,604,457,156,301,131,16,4190,3633,557,432,120,312,105,20
"서구","남자","40~44세",5949,5297,652,497,261,236,123,32,5365,4771,594,464,247,217,107,23,5174,4606,568,411,168,243,115,42,5051,4531,520,399,168,231,107,14,4942,4464,478,389,139,250,78,11
"서구","남자","45~49세",7361,6682,679,583,311,272,86,10,6890,6207,683,559,320,239,107,17,6529,5866,663,522,234,288,90,51,5962,5406,556,431,209,222,106,19,5597,5187,410,337,136,201,58,15
"서구","남자","50~54세",8431,7699,732,621,349,272,94,17,8000,7233,767,670,395,275,84,13,7716,6968,748,582,256,326,110,56,7358,6712,646,535,250,285,99,12,7010,6508,502,397,177,220,92,13
"서구","남자","55~59세",9411,8690,721,622,351,271,78,21,8954,8117,837,752,463,289,79,6,8675,7896,779,607,270,337,120,52,8197,7590,607,502,255,247,96,9,7760,7255,505,416,204,212,81,8
"서구","남자","60~64세",7582,7082,500,418,229,189,72,10,7706,7092,614,555,319,236,54,5,7970,7372,598,469,223,246,86,43,8332,7746,586,503,219,284,74,9,8281,7812,469,404,210,194,56,9
"서구","남자","65~69세",5874,5545,329,289,167,122,35,5,5812,5426,386,341,200,141,40,5,6090,5678,412,313,149,164,61,38,6338,5995,343,293,143,150,44,6,6443,6145,298,249,118,131,46,X
"서구","남자","70~74세",3852,3676,176,159,85,74,17,X,4075,3823,252,224,125,99,28,X,4336,4090,246,211,93,118,27,8,4596,4375,221,193,82,111,27,X,4821,4640,181,153,81,72,26,X
"서구","남자","75세 이상",5238,4938,300,251,131,120,44,5,5413,5074,339,295,168,127,42,X,5633,5276,357,279,107,172,70,8,5742,5422,320,266,115,151,52,X,5979,5701,278,228,107,121,50,X
"서구","여자","전체",90103,81403,8700,6777,3626,3151,1619,304,85944,77518,8426,6698,3748,2950,1447,281,84149,75645,8504,6438,2613,3825,1678,388,81738,74528,7210,5733,2556,3177,1310,167,79616,73159,6457,5142,2041,3101,1169,146
"서구","여자","1~4세",1772,1514,258,192,86,106,55,11,1535,1335,200,153,82,71,42,5,1259,1091,168,136,59,77,26,6,1053,909,144,108,43,65,31,5,901,732,169,134,38,96,23,12
"서구","여자","5~9세",2416,2194,222,189,123,66,29,X,2289,2084,205,167,108,59,35,X,2193,1996,197,160,76,84,32,5,2058,1856,202,161,88,73,34,7,1908,1715,193,154,67,87,35,X
"서구","여자","10~14세",2469,2256,213,182,127,55,28,X,2331,2151,180,152,110,42,19,9,2272,2083,189,165,95,70,19,5,2214,2061,153,126,90,36,20,7,2192,2052,140,115,62,53,22,X
"서구","여자","15~19세",3745,3351,394,349,198,151,37,8,3288,2891,397,349,174,175,41,7,2955,2430,525,472,134,338,44,9,2622,2432,190,170,96,74,16,X,2521,2179,342,313,73,240,25,X
"서구","여자","20~24세",5304,4429,875,535,287,248,279,61,4771,4018,753,468,247,221,219,66,4466,3668,798,452,171,281,303,43,4023,3406,617,417,167,250,181,19,3498,2972,526,324,96,228,186,16
"서구","여자","25~29세",5364,4475,889,586,261,325,230,73,5177,4293,884,610,271,339,215,59,5069,4174,895,581,206,375,249,65,4915,4049,866,605,184,421,228,33,4695,3913,782,540,166,374,219,23
"서구","여자","30~34세",3977,3375,602,428,190,238,135,39,3614,3052,562,392,193,199,128,42,3473,2890,583,422,142,280,127,34,3517,2931,586,433,139,294,127,26,3649,3093,556,426,118,308,104,26
"서구","여자","35~39세",5055,4429,626,484,257,227,121,21,4488,3975,513,373,174,199,117,23,4016,3491,525,391,136,255,104,30,3623,3188,435,346,145,201,72,17,3320,2866,454,362,127,235,75,17
"서구","여자","40~44세",4985,4487,498,410,216,194,69,19,4597,4131,466,380,226,154,73,13,4467,3973,494,398,173,225,77,19,4302,3883,419,347,174,173,62,10,4241,3884,357,308,124,184,41,8
"서구","여자","45~49세",7109,6461,648,558,307,251,73,17,6397,5766,631,550,331,219,69,12,5928,5413,515,425,189,236,60,30,5334,4900,434,362,179,183,61,11,4902,4509,393,336,152,184,52,5
"서구","여자","50~54세",8581,7862,719,622,366,256,85,12,8158,7456,702,619,389,230,74,9,7763,7134,629,535,238,297,68,26,7418,6867,551,478,216,262,64,9,6945,6492,453,385,190,195,61,7
"서구","여자","55~59세",10031,9344,687,598,364,234,78,11,9395,8717,678,597,375,222,72,9,9018,8386,632,512,244,268,88,32,8433,7896,537,459,229,230,72,6,7973,7536,437,378,183,195,50,9
"서구","여자","60~64세",8458,7929,529,431,262,169,89,9,8609,8013,596,506,305,201,81,9,8850,8218,632,493,220,273,106,33,9074,8533,541,472,253,219,65,X,9146,8701,445,386,197,189,54,5
"서구","여자","65~69세",6748,6397,351,295,159,136,47,9,6728,6285,443,394,233,161,43,6,7306,6892,414,330,144,186,66,18,7684,7309,375,305,148,157,65,5,7604,7296,308,250,116,134,56,X
"서구","여자","70~74세",4886,4644,242,207,115,92,33,X,5019,4685,334,293,170,123,38,X,5255,4959,296,218,101,117,69,9,5533,5247,286,251,120,131,35,X,5895,5699,196,167,79,88,27,X
"서구","여자","75세 이상",9203,8256,947,711,308,403,231,5,9548,8666,882,695,360,335,181,6,9859,8847,1012,748,285,463,240,24,9935,9061,874,693,285,408,177,X,10226,9520,706,564,253,311,139,X
"남구","계","전체",146831,127848,18983,13659,5363,8296,4581,743,144286,124356,19930,14631,5969,8662,4488,811,142704,121478,21226,15245,5738,9507,5165,816,142112,122009,20103,15042,5611,9431,4567,494,139812,122229,17583,12567,4261,8306,4562,454
"남구","계","1~4세",2904,2430,474,361,139,222,97,16,2654,2140,514,400,160,240,88,26,2448,1973,475,371,126,245,87,17,2206,1783,423,333,128,205,69,21,2085,1706,379,300,81,219,64,15
"남구","계","5~9세",3911,3439,472,384,211,173,66,22,3824,3357,467,388,173,215,71,8,3715,3224,491,415,187,228,59,17,3631,3158,473,408,183,225,55,10,3387,2974,413,322,121,201,75,16
"남구","계","10~14세",4311,3861,450,387,222,165,49,14,4087,3686,401,341,161,180,52,8,3939,3513,426,361,184,177,43,22,3853,3443,410,357,187,170,42,11,3683,3391,292,250,117,133,36,6
"남구","계","15~19세",6761,5393,1368,689,286,403,535,144,6206,4779,1427,758,279,479,539,130,5586,4243,1343,751,247,504,537,55,5190,4236,954,518,209,309,374,62,5198,3978,1220,498,141,357,684,38
"남구","계","20~24세",9960,7574,2386,1273,532,741,960,153,9718,7278,2440,1311,625,686,932,197,9528,6578,2950,1637,736,901,1178,135,9640,6992,2648,1474,547,927,1080,94,8778,6214,2564,1340,501,839,1144,80
"남구","계","25~29세",10164,7844,2320,1445,482,963,756,119,10393,7879,2514,1578,538,1040,823,113,10859,7858,3001,1855,601,1254,1018,128,11088,8150,2938,1964,629,1335,910,64,10786,8166,2620,1777,541,1236,798,45
"남구","계","30~34세",8241,6614,1627,1150,376,774,432,45,8082,6289,1793,1293,400,893,414,86,8097,6140,1957,1458,487,971,452,47,8372,6413,1959,1464,410,1054,449,46,8685,6903,1782,1301,357,944,436,45
"남구","계","35~39세",9675,8116,1559,1156,437,719,364,39,9069,7507,1562,1197,465,732,307,58,8484,6934,1550,1185,406,779,308,57,8058,6532,1526,1224,428,796,267,35,7591,6380,1211,951,284,667,222,38
"남구","계","40~44세",9299,8105,1194,936,394,542,215,43,8765,7588,1177,929,400,529,214,34,8682,7396,1286,1015,400,615,232,39,8758,7523,1235,986,382,604,224,25,8705,7660,1045,828,263,565,178,39
"남구","계","45~49세",11721,10323,1398,1154,469,685,209,35,11213,9831,1382,1153,454,699,182,47,10588,9291,1297,1055,371,684,182,60,9940,8675,1265,1050,393,657,188,27,9307,8324,983,801,272,529,154,28
"남구","계","50~54세",11744,10485,1259,1044,383,661,189,26,11688,10365,1323,1124,482,642,168,31,11695,10320,1375,1096,400,696,199,80,11912,10442,1470,1265,478,787,172,33,11803,10634,1169,972,335,637,166,31
"남구","계","55~59세",13796,12528,1268,1048,409,639,193,27,12977,11695,1282,1109,458,651,149,24,12333,11071,1262,1043,379,664,176,43,11554,10421,1133,951,358,593,162,20,11249,10358,891,748,254,494,124,19
"남구","계","60~64세",12440,11472,968,790,308,482,159,19,12843,11738,1105,936,417,519,153,16,12781,11652,1129,890,383,507,186,53,13040,11979,1061,879,365,514,166,16,12796,11920,876,723,306,417,130,23
"남구","계","65~69세",9973,9309,664,547,231,316,98,19,9927,9160,767,645,314,331,104,18,10589,9816,773,617,253,364,129,27,11078,10305,773,648,263,385,111,14,11221,10516,705,590,229,361,100,15
"남구","계","70~74세",7596,7182,414,361,150,211,45,8,7930,7417,513,440,221,219,70,X,8238,7717,521,439,194,245,76,6,8484,7983,501,429,193,236,71,X,8780,8328,452,385,176,209,60,7
"남구","계","75세 이상",14335,13173,1162,934,334,600,214,14,14910,13647,1263,1029,422,607,222,12,15142,13752,1390,1057,384,673,303,30,15308,13974,1334,1092,458,634,227,15,15758,14777,981,781,283,498,191,9
"남구","남자","전체",69844,60831,9013,6475,2519,3956,2216,322,68344,59037,9307,6821,2747,4074,2104,382,67725,57599,10126,7323,2672,4651,2414,389,67434,57692,9742,7232,2672,4560,2261,249,66175,57759,8416,5901,1964,3937,2303,212
"남구","남자","1~4세",1472,1232,240,182,67,115,47,11,1348,1094,254,198,73,125,42,14,1265,1031,234,182,61,121,42,10,1162,925,237,187,82,105,40,10,1106,901,205,159,46,113,34,12
"남구","남자","5~9세",2028,1776,252,195,103,92,42,15,1989,1752,237,196,88,108,36,5,1930,1674,256,224,94,130,24,8,1847,1623,224,195,92,103,25,X,1732,1514,218,171,58,113,41,6
"남구","남자","10~14세",2267,2030,237,202,115,87,30,5,2163,1949,214,181,81,100,28,5,2068,1851,217,180,96,84,29,8,2033,1841,192,164,83,81,21,7,1926,1775,151,125,58,67,23,X
"남구","남자","15~19세",3301,2693,608,339,125,214,206,63,2937,2340,597,326,142,184,201,70,2775,2124,651,417,125,292,209,25,2590,2146,444,263,115,148,145,36,2602,1993,609,229,66,163,361,19
"남구","남자","20~24세",4640,3657,983,533,242,291,397,53,4441,3516,925,463,218,245,378,84,4331,3142,1189,638,284,354,492,59,4373,3264,1109,604,231,373,455,50,3954,2894,1060,523,203,320,508,29
"남구","남자","25~29세",5284,4114,1170,704,232,472,419,47,5384,4121,1263,774,261,513,437,52,5592,4126,1466,873,297,576,531,62,5658,4140,1518,973,328,645,514,31,5384,4117,1267,811,249,562,437,19
"남구","남자","30~34세",4351,3481,870,628,203,425,224,18,4338,3397,941,668,207,461,230,43,4307,3318,989,725,235,490,244,20,4467,3387,1080,788,219,569,267,25,4635,3668,967,672,183,489,273,22
"남구","남자","35~39세",4940,4106,834,597,205,392,219,18,4568,3772,796,605,230,375,167,24,4309,3464,845,648,207,441,176,21,4176,3334,842,670,219,451,155,17,4015,3370,645,509,142,367,118,18
"남구","남자","40~44세",4694,4102,592,446,177,269,126,20,4396,3768,628,481,197,284,131,16,4425,3731,694,543,191,352,132,19,4444,3794,650,510,198,312,124,16,4400,3860,540,418,118,300,99,23
"남구","남자","45~49세",5852,5152,700,558,233,325,118,24,5598,4904,694,569,210,359,98,27,5272,4612,660,531,196,335,99,30,4953,4313,640,512,200,312,111,17,4583,4113,470,380,133,247,76,14
"남구","남자","50~54세",5635,5007,628,509,191,318,102,17,5714,5039,675,578,253,325,82,15,5766,5067,699,554,192,362,102,43,5858,5111,747,634,229,405,96,17,5843,5265,578,481,162,319,85,12
"남구","남자","55~59세",6436,5796,640,537,210,327,92,11,6043,5427,616,528,210,318,74,14,5799,5133,666,546,195,351,95,25,5520,4943,577,487,167,320,83,7,5353,4902,451,373,118,255,66,12
"남구","남자","60~64세",5826,5348,478,389,143,246,82,7,5942,5404,538,458,211,247,73,7,5927,5328,599,471,190,281,94,34,6010,5513,497,405,163,242,85,7,5900,5465,435,360,149,211,65,10
"남구","남자","65~69세",4470,4170,300,246,103,143,46,8,4496,4127,369,314,144,170,52,X,4759,4405,354,290,105,185,53,11,5018,4669,349,301,111,190,45,X,5112,4765,347,292,116,176,47,8
"남구","남자","70~74세",3312,3142,170,149,60,89,19,X,3447,3230,217,187,96,91,30,X,3626,3399,227,193,87,106,29,5,3696,3467,229,201,93,108,28,X,3820,3636,184,158,73,85,24,X
"남구","남자","75세 이상",5336,5025,311,261,110,151,47,X,5540,5197,343,295,126,169,45,X,5574,5194,380,308,117,191,63,9,5629,5222,407,338,142,196,67,X,5810,5521,289,240,90,150,46,X
"남구","여자","전체",76987,67017,9970,7184,2844,4340,2365,421,75942,65319,10623,7810,3222,4588,2384,429,74979,63879,11100,7922,3066,4856,2751,427,74678,64317,10361,7810,2939,4871,2306,245,73637,64470,9167,6666,2297,4369,2259,242
"남구","여자","1~4세",1432,1198,234,179,72,107,50,5,1306,1046,260,202,87,115,46,12,1183,942,241,189,65,124,45,7,1044,858,186,146,46,100,29,11,979,805,174,141,35,106,30,X
"남구","여자","5~9세",1883,1663,220,189,108,81,24,7,1835,1605,230,192,85,107,35,X,1785,1550,235,191,93,98,35,9,1784,1535,249,213,91,122,30,6,1655,1460,195,151,63,88,34,10
"남구","여자","10~14세",2044,1831,213,185,107,78,19,9,1924,1737,187,160,80,80,24,X,1871,1662,209,181,88,93,14,14,1820,1602,218,193,104,89,21,X,1757,1616,141,125,59,66,13,X
"남구","여자","15~19세",3460,2700,760,350,161,189,329,81,3269,2439,830,432,137,295,338,60,2811,2119,692,334,122,212,328,30,2600,2090,510,255,94,161,229,26,2596,1985,611,269,75,194,323,19
"남구","여자","20~24세",5320,3917,1403,740,290,450,563,100,5277,3762,1515,848,407,441,554,113,5197,3436,1761,999,452,547,686,76,5267,3728,1539,870,316,554,625,44,4824,3320,1504,817,298,519,636,51
"남구","여자","25~29세",4880,3730,1150,741,250,491,337,72,5009,3758,1251,804,277,527,386,61,5267,3732,1535,982,304,678,487,66,5430,4010,1420,991,301,690,396,33,5402,4049,1353,966,292,674,361,26
"남구","여자","30~34세",3890,3133,757,522,173,349,208,27,3744,2892,852,625,193,432,184,43,3790,2822,968,733,252,481,208,27,3905,3026,879,676,191,485,182,21,4050,3235,815,629,174,455,163,23
"남구","여자","35~39세",4735,4010,725,559,232,327,145,21,4501,3735,766,592,235,357,140,34,4175,3470,705,537,199,338,132,36,3882,3198,684,554,209,345,112,18,3576,3010,566,442,142,300,104,20
"남구","여자","40~44세",4605,4003,602,490,217,273,89,23,4369,3820,549,448,203,245,83,18,4257,3665,592,472,209,263,100,20,4314,3729,585,476,184,292,100,9,4305,3800,505,410,145,265,79,16
"남구","여자","45~49세",5869,5171,698,596,236,360,91,11,5615,4927,688,584,244,340,84,20,5316,4679,637,524,175,349,83,30,4987,4362,625,538,193,345,77,10,4724,4211,513,421,139,282,78,14
"남구","여자","50~54세",6109,5478,631,535,192,343,87,9,5974,5326,648,546,229,317,86,16,5929,5253,676,542,208,334,97,37,6054,5331,723,631,249,382,76,16,5960,5369,591,491,173,318,81,19
"남구","여자","55~59세",7360,6732,628,511,199,312,101,16,6934,6268,666,581,248,333,75,10,6534,5938,596,497,184,313,81,18,6034,5478,556,464,191,273,79,13,5896,5456,440,375,136,239,58,7
"남구","여자","60~64세",6614,6124,490,401,165,236,77,12,6901,6334,567,478,206,272,80,9,6854,6324,530,419,193,226,92,19,7030,6466,564,474,202,272,81,9,6896,6455,441,363,157,206,65,13
"남구","여자","65~69세",5503,5139,364,301,128,173,52,11,5431,5033,398,331,170,161,52,15,5830,5411,419,327,148,179,76,16,6060,5636,424,347,152,195,66,11,6109,5751,358,298,113,185,53,7
"남구","여자","70~74세",4284,4040,244,212,90,122,26,6,4483,4187,296,253,125,128,40,X,4612,4318,294,246,107,139,47,X,4788,4516,272,228,100,128,43,X,4960,4692,268,227,103,124,36,5
"남구","여자","75세 이상",8999,8148,851,673,224,449,167,11,9370,8450,920,734,296,438,177,9,9568,8558,1010,749,267,482,240,21,9679,8752,927,754,316,438,160,13,9948,9256,692,541,193,348,145,6
"북구","계","전체",431819,381521,50298,34876,19194,15682,13606,1816,433319,383525,49794,34450,19031,15419,13413,1931,434756,377470,57286,40241,21399,18842,14954,2091,433935,387443,46492,31686,17060,14626,13667,1139,428462,383454,45008,30114,17750,12364,13462,1432
"북구","계","1~4세",14309,11868,2441,1918,1085,833,468,55,13445,11599,1846,1405,849,556,403,38,12386,10242,2144,1697,904,793,416,31,10974,9574,1400,1039,612,427,324,37,9654,8419,1235,864,556,308,307,64
"북구","계","5~9세",19540,17509,2031,1601,1036,565,397,33,19363,17687,1676,1325,882,443,314,37,19321,17227,2094,1727,1025,702,327,40,18731,17215,1516,1215,762,453,269,32,17627,16076,1551,1179,823,356,341,31
"북구","계","10~14세",20808,19311,1497,1257,868,389,207,33,19960,18657,1303,1099,792,307,174,30,19715,18169,1546,1315,853,462,169,62,19609,18409,1200,1003,671,332,170,27,19329,18005,1324,1097,794,303,209,18
"북구","계","15~19세",26949,22955,3994,1932,1149,783,1935,127,26030,21393,4637,2325,1337,988,2112,200,23884,19303,4581,2451,1285,1166,2001,129,22275,19318,2957,1239,757,482,1668,50,21584,18250,3334,1368,824,544,1844,122
"북구","계","20~24세",32256,26183,6073,2687,1549,1138,2865,521,33143,26288,6855,3211,1713,1498,3072,572,32959,25617,7342,3261,1942,1319,3573,508,33529,27165,6364,2869,1637,1232,3274,221,31182,24453,6729,3099,1896,1203,3303,327
"북구","계","25~29세",28489,22864,5625,3299,1711,1588,1982,344,29206,23317,5889,3540,1884,1656,2000,349,30003,23031,6972,4203,2156,2047,2397,372,30571,24150,6421,3949,1996,1953,2295,177,30090,24183,5907,3604,1923,1681,2117,186
"북구","계","30~34세",24625,19165,5460,3872,1900,1972,1433,155,24215,19442,4773,3300,1658,1642,1301,172,24857,19240,5617,4038,1927,2111,1416,163,24991,20060,4931,3465,1619,1846,1335,131,25414,20621,4793,3284,1672,1612,1334,175
"북구","계","35~39세",32028,26990,5038,3833,1940,1893,1065,140,30712,26473,4239,3166,1684,1482,944,129,28775,24030,4745,3617,1781,1836,999,129,26917,23306,3611,2623,1355,1268,851,137,25036,21765,3271,2360,1294,1066,789,122
"북구","계","40~44세",33916,30475,3441,2713,1543,1170,626,102,32305,29090,3215,2498,1533,965,610,107,31918,28104,3814,3024,1664,1360,675,115,31701,28689,3012,2323,1282,1041,616,73,31406,28319,3087,2321,1460,861,659,107
"북구","계","45~49세",41128,37651,3477,2820,1701,1119,555,102,40565,37224,3341,2743,1642,1101,509,89,39423,35587,3836,3112,1804,1308,588,136,37209,34300,2909,2331,1354,977,516,62,35222,32519,2703,2175,1406,769,459,69
"북구","계","50~54세",37806,34944,2862,2327,1325,1002,471,64,39183,36091,3092,2555,1529,1026,471,66,40280,36473,3807,3089,1701,1388,587,131,41023,37932,3091,2486,1395,1091,539,66,41039,38110,2929,2374,1528,846,480,75
"북구","계","55~59세",36808,34249,2559,2066,1100,966,441,52,36779,34056,2723,2252,1217,1035,403,68,36729,33573,3156,2587,1360,1227,483,86,35984,33384,2600,2066,1136,930,478,56,35883,33660,2223,1754,1073,681,417,52
"북구","계","60~64세",26927,25107,1820,1466,771,695,319,35,29021,27002,2019,1622,771,851,363,34,31283,28806,2477,1979,983,996,414,84,33508,31418,2090,1641,846,795,417,32,34681,32766,1915,1518,897,621,364,33
"북구","계","65~69세",19126,17948,1178,948,485,463,209,21,19799,18520,1279,1076,491,585,185,18,21614,19998,1616,1333,626,707,232,51,23349,21972,1377,1102,523,579,261,14,24496,23223,1273,1012,528,484,239,22
"북구","계","70~74세",13657,12856,801,657,329,328,133,11,14617,13731,886,749,325,424,125,12,15610,14568,1042,869,437,432,156,17,16695,15769,926,744,358,386,175,7,17696,16844,852,676,350,326,169,7
"북구","계","75세 이상",23447,21446,2001,1480,702,778,500,21,24976,22955,2021,1584,724,860,427,10,25999,23502,2497,1939,951,988,521,37,26869,24782,2087,1591,757,834,479,17,28123,26241,1882,1429,726,703,431,22
"북구","남자","전체",212940,187790,25150,17182,9332,7850,7132,836,213869,188617,25252,17270,9458,7812,7117,865,214401,185497,28904,20060,10571,9489,7860,984,214197,190503,23694,15815,8511,7304,7340,539,211145,188078,23067,15054,8799,6255,7344,669
"북구","남자","1~4세",7276,6007,1269,985,558,427,255,29,6861,5935,926,691,416,275,214,21,6314,5243,1071,862,461,401,194,15,5607,4869,738,551,312,239,174,13,4927,4352,575,394,248,146,158,23
"북구","남자","5~9세",10063,9037,1026,822,531,291,190,14,9940,9084,856,675,458,217,165,16,9932,8864,1068,860,501,359,187,21,9606,8816,790,631,396,235,142,17,8993,8218,775,584,412,172,173,18
"북구","남자","10~14세",10790,10049,741,616,432,184,106,19,10290,9604,686,584,422,162,91,11,10173,9407,766,653,427,226,82,31,10133,9563,570,465,316,149,93,12,9986,9301,685,570,411,159,108,7
"북구","남자","15~19세",13638,11807,1831,936,567,369,841,54,13239,10919,2320,1203,689,514,1010,107,12101,9736,2365,1321,687,634,992,52,11288,9881,1407,613,381,232,770,24,10787,9187,1600,674,412,262,874,52
"북구","남자","20~24세",15537,12601,2936,1230,693,537,1536,170,16259,12903,3356,1518,801,717,1654,184,16139,12700,3439,1499,901,598,1774,166,16538,13383,3155,1348,792,556,1734,73,15403,11928,3475,1421,856,565,1940,114
"북구","남자","25~29세",15883,12804,3079,1697,888,809,1206,176,16229,13015,3214,1891,1028,863,1154,169,16644,12803,3841,2219,1202,1017,1436,186,16892,13381,3511,2062,1101,961,1362,87,16453,13210,3243,1907,1045,862,1254,82
"북구","남자","30~34세",13042,10113,2929,2043,981,1062,805,81,12922,10307,2615,1773,889,884,757,85,13242,10197,3045,2148,1014,1134,834,63,13457,10651,2806,1930,893,1037,808,68,13773,11073,2700,1817,919,898,796,87
"북구","남자","35~39세",15956,13239,2717,2014,973,1041,633,70,15457,13153,2304,1695,862,833,536,73,14648,12116,2532,1903,906,997,566,63,13855,11839,2016,1443,739,704,499,74,13094,11250,1844,1299,699,600,475,70
"북구","남자","40~44세",16589,14769,1820,1425,768,657,343,52,15838,14092,1746,1330,783,547,364,52,15749,13693,2056,1579,814,765,408,69,15682,14083,1599,1204,626,578,358,37,15613,13969,1644,1212,707,505,376,56
"북구","남자","45~49세",20148,18416,1732,1349,805,544,317,66,19766,18068,1698,1342,770,572,307,49,19131,17181,1950,1554,880,674,316,80,18030,16528,1502,1165,663,502,302,35,17039,15687,1352,1080,687,393,233,39
"북구","남자","50~54세",18800,17324,1476,1179,653,526,256,41,19412,17814,1598,1300,751,549,263,35,19924,17956,1968,1547,828,719,333,88,20185,18617,1568,1201,658,543,327,40,20217,18712,1505,1201,753,448,260,44
"북구","남자","55~59세",18329,17024,1305,1037,558,479,241,27,18264,16888,1376,1141,611,530,200,35,18104,16516,1588,1303,681,622,236,49,17864,16544,1320,1044,569,475,248,28,17631,16477,1154,897,552,345,223,34
"북구","남자","60~64세",13404,12503,901,736,394,342,147,18,14443,13454,989,795,386,409,176,18,15550,14305,1245,1005,507,498,183,57,16600,15552,1048,825,435,390,204,19,17154,16171,983,774,464,310,188,21
"북구","남자","65~69세",8938,8418,520,437,208,229,77,6,9370,8766,604,517,247,270,82,5,10265,9467,798,651,318,333,120,27,11071,10426,645,519,243,276,119,7,11687,11063,624,498,270,228,113,13
"북구","남자","70~74세",5947,5609,338,277,147,130,56,5,6453,6072,381,331,140,191,48,X,6961,6517,444,377,180,197,60,7,7505,7112,393,325,154,171,67,X,7978,7625,353,283,140,143,69,X
"북구","남자","75세 이상",8600,8070,530,399,176,223,123,8,9126,8543,583,484,205,279,96,X,9524,8796,728,579,264,315,139,10,9884,9258,626,489,233,256,133,X,10410,9855,555,443,224,219,104,8
"북구","여자","전체",218879,193731,25148,17694,9862,7832,6474,980,219450,194908,24542,17180,9573,7607,6296,1066,220355,191973,28382,20181,10828,9353,7094,1107,219738,196940,22798,15871,8549,7322,6327,600,217317,195376,21941,15060,8951,6109,6118,763
"북구","여자","1~4세",7033,5861,1172,933,527,406,213,26,6584,5664,920,714,433,281,189,17,6072,4999,1073,835,443,392,222,16,5367,4705,662,488,300,188,150,24,4727,4067,660,470,308,162,149,41
"북구","여자","5~9세",9477,8472,1005,779,505,274,207,19,9423,8603,820,650,424,226,149,21,9389,8363,1026,867,524,343,140,19,9125,8399,726,584,366,218,127,15,8634,7858,776,595,411,184,168,13
"북구","여자","10~14세",10018,9262,756,641,436,205,101,14,9670,9053,617,515,370,145,83,19,9542,8762,780,662,426,236,87,31,9476,8846,630,538,355,183,77,15,9343,8704,639,527,383,144,101,11
"북구","여자","15~19세",13311,11148,2163,996,582,414,1094,73,12791,10474,2317,1122,648,474,1102,93,11783,9567,2216,1130,598,532,1009,77,10987,9437,1550,626,376,250,898,26,10797,9063,1734,694,412,282,970,70
"북구","여자","20~24세",16719,13582,3137,1457,856,601,1329,351,16884,13385,3499,1693,912,781,1418,388,16820,12917,3903,1762,1041,721,1799,342,16991,13782,3209,1521,845,676,1540,148,15779,12525,3254,1678,1040,638,1363,213
"북구","여자","25~29세",12606,10060,2546,1602,823,779,776,168,12977,10302,2675,1649,856,793,846,180,13359,10228,3131,1984,954,1030,961,186,13679,10769,2910,1887,895,992,933,90,13637,10973,2664,1697,878,819,863,104
"북구","여자","30~34세",11583,9052,2531,1829,919,910,628,74,11293,9135,2158,1527,769,758,544,87,11615,9043,2572,1890,913,977,582,100,11534,9409,2125,1535,726,809,527,63,11641,9548,2093,1467,753,714,538,88
"북구","여자","35~39세",16072,13751,2321,1819,967,852,432,70,15255,13320,1935,1471,822,649,408,56,14127,11914,2213,1714,875,839,433,66,13062,11467,1595,1180,616,564,352,63,11942,10515,1427,1061,595,466,314,52
"북구","여자","40~44세",17327,15706,1621,1288,775,513,283,50,16467,14998,1469,1168,750,418,246,55,16169,14411,1758,1445,850,595,267,46,16019,14606,1413,1119,656,463,258,36,15793,14350,1443,1109,753,356,283,51
"북구","여자","45~49세",20980,19235,1745,1471,896,575,238,36,20799,19156,1643,1401,872,529,202,40,20292,18406,1886,1558,924,634,272,56,19179,17772,1407,1166,691,475,214,27,18183,16832,1351,1095,719,376,226,30
"북구","여자","50~54세",19006,17620,1386,1148,672,476,215,23,19771,18277,1494,1255,778,477,208,31,20356,18517,1839,1542,873,669,254,43,20838,19315,1523,1285,737,548,212,26,20822,19398,1424,1173,775,398,220,31
"북구","여자","55~59세",18479,17225,1254,1029,542,487,200,25,18515,17168,1347,1111,606,505,203,33,18625,17057,1568,1284,679,605,247,37,18120,16840,1280,1022,567,455,230,28,18252,17183,1069,857,521,336,194,18
"북구","여자","60~64세",13523,12604,919,730,377,353,172,17,14578,13548,1030,827,385,442,187,16,15733,14501,1232,974,476,498,231,27,16908,15866,1042,816,411,405,213,13,17527,16595,932,744,433,311,176,12
"북구","여자","65~69세",10188,9530,658,511,277,234,132,15,10429,9754,675,559,244,315,103,13,11349,10531,818,682,308,374,112,24,12278,11546,732,583,280,303,142,7,12809,12160,649,514,258,256,126,9
"북구","여자","70~74세",7710,7247,463,380,182,198,77,6,8164,7659,505,418,185,233,77,10,8649,8051,598,492,257,235,96,10,9190,8657,533,419,204,215,108,6,9718,9219,499,393,210,183,100,6
"북구","여자","75세 이상",14847,13376,1471,1081,526,555,377,13,15850,14412,1438,1100,519,581,331,7,16475,14706,1769,1360,687,673,382,27,16985,15524,1461,1102,524,578,346,13,17713,16386,1327,986,502,484,327,14
"수성구","계","전체",410097,364971,45126,31312,17890,13422,11525,2289,406861,360519,46342,32400,17819,14581,11688,2254,405393,353483,51910,36543,19373,17170,12694,2673,401203,354651,46552,33670,18011,15659,11585,1297,395640,357253,38387,25961,13271,12690,10994,1432
"수성구","계","1~4세",10345,8334,2011,1437,655,782,496,78,9625,7727,1898,1275,542,733,561,62,8937,6946,1991,1499,594,905,443,49,8194,6243,1951,1442,560,882,458,51,7411,6002,1409,943,369,574,400,66
"수성구","계","5~9세",18924,16245,2679,2010,1007,1003,556,113,18806,15953,2853,2151,1027,1124,589,113,18844,15620,3224,2516,1143,1373,588,120,18539,15572,2967,2253,1104,1149,644,70,17639,15264,2375,1719,774,945,594,62
"수성구","계","10~14세",24414,21705,2709,2193,1399,794,353,163,23673,20857,2816,2250,1375,875,377,189,23746,20561,3185,2579,1551,1028,387,219,23563,20805,2758,2264,1428,836,379,115,23202,20925,2277,1747,1076,671,413,117
"수성구","계","15~19세",29347,26667,2680,1964,1493,471,610,106,27644,24550,3094,2060,1440,620,909,125,25421,22062,3359,2229,1491,738,917,213,23657,21636,2021,1545,1158,387,420,56,22699,20691,2008,1325,920,405,626,57
"수성구","계","20~24세",24177,20597,3580,1637,973,664,1525,418,23485,19997,3488,1707,959,748,1387,394,23983,19644,4339,2096,1076,1020,1673,570,22611,19553,3058,1670,987,683,1301,87,20145,17529,2616,1301,647,654,1211,104
"수성구","계","25~29세",23082,18704,4378,2180,1096,1084,1788,410,23387,19027,4360,2398,1151,1247,1593,369,23710,18731,4979,2669,1216,1453,1846,464,23281,18712,4569,2760,1274,1486,1672,137,22551,18441,4110,2288,947,1341,1662,160
"수성구","계","30~34세",17647,14013,3634,2254,992,1262,1194,186,17618,13953,3665,2277,1006,1271,1200,188,17771,13677,4094,2618,1132,1486,1270,206,18383,14039,4344,2878,1199,1679,1338,128,19146,15409,3737,2357,905,1452,1237,143
"수성구","계","35~39세",26003,21365,4638,3321,1531,1790,1139,178,24782,20243,4539,3169,1374,1795,1224,146,23289,18544,4745,3491,1453,2038,1118,136,21860,17430,4430,3166,1334,1832,1143,121,20230,16830,3400,2254,900,1354,1022,124
"수성구","계","40~44세",32605,28345,4260,3223,1758,1465,838,199,31180,26803,4377,3294,1756,1538,878,205,31076,26124,4952,3806,1926,1880,943,203,30982,26306,4676,3578,1837,1741,937,161,30873,26980,3893,2810,1381,1429,920,163
"수성구","계","45~49세",43118,39073,4045,3178,2122,1056,709,158,41755,37667,4088,3225,2066,1159,696,167,39838,35325,4513,3572,2251,1321,778,163,37341,33451,3890,3030,1891,1139,733,127,35432,32343,3089,2341,1450,891,610,138
"수성구","계","50~54세",38567,35737,2830,2128,1417,711,602,100,39309,36239,3070,2384,1572,812,580,106,39750,36197,3553,2731,1738,993,715,107,40398,37133,3265,2504,1634,870,675,86,40232,37529,2703,1974,1258,716,622,107
"수성구","계","55~59세",35182,32986,2196,1642,1070,572,482,72,34889,32612,2277,1723,1036,687,493,61,34254,31768,2486,1848,1103,745,559,79,33367,31070,2297,1744,1040,704,496,57,33604,31826,1778,1292,760,532,426,60
"수성구","계","60~64세",26992,25348,1644,1227,721,506,379,38,28632,26829,1803,1333,758,575,398,72,29711,27650,2061,1512,841,671,488,61,30843,28897,1946,1426,819,607,459,61,31144,29693,1451,1007,547,460,384,60
"수성구","계","65~69세",19680,18547,1133,844,501,343,268,21,20129,18893,1236,964,548,416,242,30,21615,20293,1322,992,537,455,292,38,23077,21734,1343,1042,546,496,285,16,24164,23054,1110,780,387,393,299,31
"수성구","계","70~74세",14097,13331,766,592,338,254,157,17,14963,14065,898,721,394,327,166,11,15851,14948,903,685,373,312,200,18,16907,15899,1008,792,398,394,206,10,17590,16857,733,536,292,244,185,12
"수성구","계","75세 이상",25917,23974,1943,1482,817,665,429,32,26984,25104,1880,1469,815,654,395,16,27597,25393,2204,1700,948,752,477,27,28200,26171,2029,1576,802,774,439,14,29578,27880,1698,1287,658,629,383,28
"수성구","남자","전체",197236,175641,21595,14854,8449,6405,5635,1106,195653,173136,22517,15610,8529,7081,5833,1074,194296,169404,24892,17419,9205,8214,6225,1248,192591,170009,22582,16138,8509,7629,5799,645,189733,171095,18638,12365,6240,6125,5567,706
"수성구","남자","1~4세",5350,4287,1063,763,339,424,256,44,4960,3991,969,663,281,382,277,29,4601,3605,996,739,294,445,228,29,4238,3229,1009,747,271,476,241,21,3849,3151,698,473,178,295,191,34
"수성구","남자","5~9세",9731,8352,1379,1027,513,514,298,54,9636,8126,1510,1140,552,588,306,64,9672,8013,1659,1306,594,712,297,56,9569,8049,1520,1144,558,586,334,42,9071,7882,1189,853,389,464,310,26
"수성구","남자","10~14세",12831,11442,1389,1134,690,444,176,79,12434,10912,1522,1215,757,458,211,96,12443,10722,1721,1401,844,557,212,108,12235,10791,1444,1199,767,432,189,56,12022,10840,1182,925,562,363,205,52
"수성구","남자","15~19세",15594,14227,1367,1041,812,229,272,54,14715,13106,1609,1080,767,313,469,60,13435,11657,1778,1175,769,406,495,108,12582,11546,1036,810,618,192,199,27,11951,10866,1085,704,492,212,346,35
"수성구","남자","20~24세",11544,10062,1482,715,444,271,623,144,11321,9836,1485,756,446,310,603,126,11509,9786,1723,854,479,375,668,201,11031,9729,1302,700,422,278,557,45,9857,8771,1086,538,284,254,515,33
"수성구","남자","25~29세",12238,10058,2180,1024,524,500,946,210,12449,10230,2219,1165,540,625,850,204,12540,10078,2462,1274,614,660,940,248,12263,10021,2242,1304,605,699,875,63,11811,9791,2020,1058,424,634,891,71
"수성구","남자","30~34세",8997,7187,1810,1098,482,616,618,94,9100,7256,1844,1124,511,613,634,86,9176,7099,2077,1285,569,716,698,94,9526,7284,2242,1440,606,834,750,52,9986,8039,1947,1181,478,703,697,69
"수성구","남자","35~39세",11842,9701,2141,1484,674,810,574,83,11361,9201,2160,1459,617,842,643,58,10708,8481,2227,1605,634,971,562,60,10188,8023,2165,1553,635,918,560,52,9612,7956,1656,1070,412,658,532,54
"수성구","남자","40~44세",14540,12461,2079,1496,738,758,478,105,13981,11900,2081,1530,740,790,458,93,14056,11672,2384,1800,859,941,499,85,14008,11722,2286,1701,813,888,501,84,14010,12110,1900,1344,609,735,479,77
"수성구","남자","45~49세",20022,17981,2041,1573,1008,565,377,91,19253,17165,2088,1614,987,627,389,85,18210,16008,2202,1711,1028,683,409,82,17140,15136,2004,1511,869,642,419,74,16257,14719,1538,1123,658,465,332,83
"수성구","남자","50~54세",18961,17486,1475,1072,722,350,341,62,19147,17546,1601,1238,811,427,293,70,19186,17325,1861,1420,890,530,388,53,19352,17703,1649,1224,783,441,374,51,19132,17770,1362,966,606,360,330,66
"수성구","남자","55~59세",17214,16136,1078,815,538,277,227,36,17083,15956,1127,840,519,321,252,35,16649,15440,1209,882,532,350,278,49,16344,15193,1151,858,516,342,259,34,16459,15541,918,669,399,270,211,38
"수성구","남자","60~64세",13080,12310,770,573,343,230,173,24,13812,12994,818,595,344,251,180,43,14307,13323,984,730,423,307,218,36,14858,13914,944,682,383,299,232,30,14971,14247,724,502,268,234,186,36
"수성구","남자","65~69세",9106,8633,473,357,214,143,106,10,9369,8829,540,423,240,183,103,14,10072,9504,568,430,237,193,120,18,10805,10218,587,468,255,213,113,6,11362,10827,535,378,175,203,145,12
"수성구","남자","70~74세",6305,5987,318,243,137,106,66,9,6699,6326,373,296,155,141,71,6,7137,6759,378,287,144,143,81,10,7517,7149,368,294,151,143,72,X,7848,7552,296,211,113,98,77,8
"수성구","남자","75세 이상",9881,9331,550,439,271,168,104,7,10333,9762,571,472,262,210,94,5,10595,9932,663,520,295,225,132,11,10935,10302,633,503,257,246,124,6,11535,11033,502,370,193,177,120,12
"수성구","여자","전체",212861,189330,23531,16458,9441,7017,5890,1183,211208,187383,23825,16790,9290,7500,5855,1180,211097,184079,27018,19124,10168,8956,6469,1425,208612,184642,23970,17532,9502,8030,5786,652,205907,186158,19749,13596,7031,6565,5427,726
"수성구","여자","1~4세",4995,4047,948,674,316,358,240,34,4665,3736,929,612,261,351,284,33,4336,3341,995,760,300,460,215,20,3956,3014,942,695,289,406,217,30,3562,2851,711,470,191,279,209,32
"수성구","여자","5~9세",9193,7893,1300,983,494,489,258,59,9170,7827,1343,1011,475,536,283,49,9172,7607,1565,1210,549,661,291,64,8970,7523,1447,1109,546,563,310,28,8568,7382,1186,866,385,481,284,36
"수성구","여자","10~14세",11583,10263,1320,1059,709,350,177,84,11239,9945,1294,1035,618,417,166,93,11303,9839,1464,1178,707,471,175,111,11328,10014,1314,1065,661,404,190,59,11180,10085,1095,822,514,308,208,65
"수성구","여자","15~19세",13753,12440,1313,923,681,242,338,52,12929,11444,1485,980,673,307,440,65,11986,10405,1581,1054,722,332,422,105,11075,10090,985,735,540,195,221,29,10748,9825,923,621,428,193,280,22
"수성구","여자","20~24세",12633,10535,2098,922,529,393,902,274,12164,10161,2003,951,513,438,784,268,12474,9858,2616,1242,597,645,1005,369,11580,9824,1756,970,565,405,744,42,10288,8758,1530,763,363,400,696,71
"수성구","여자","25~29세",10844,8646,2198,1156,572,584,842,200,10938,8797,2141,1233,611,622,743,165,11170,8653,2517,1395,602,793,906,216,11018,8691,2327,1456,669,787,797,74,10740,8650,2090,1230,523,707,771,89
"수성구","여자","30~34세",8650,6826,1824,1156,510,646,576,92,8518,6697,1821,1153,495,658,566,102,8595,6578,2017,1333,563,770,572,112,8857,6755,2102,1438,593,845,588,76,9160,7370,1790,1176,427,749,540,74
"수성구","여자","35~39세",14161,11664,2497,1837,857,980,565,95,13421,11042,2379,1710,757,953,581,88,12581,10063,2518,1886,819,1067,556,76,11672,9407,2265,1613,699,914,583,69,10618,8874,1744,1184,488,696,490,70
"수성구","여자","40~44세",18065,15884,2181,1727,1020,707,360,94,17199,14903,2296,1764,1016,748,420,112,17020,14452,2568,2006,1067,939,444,118,16974,14584,2390,1877,1024,853,436,77,16863,14870,1993,1466,772,694,441,86
"수성구","여자","45~49세",23096,21092,2004,1605,1114,491,332,67,22502,20502,2000,1611,1079,532,307,82,21628,19317,2311,1861,1223,638,369,81,20201,18315,1886,1519,1022,497,314,53,19175,17624,1551,1218,792,426,278,55
"수성구","여자","50~54세",19606,18251,1355,1056,695,361,261,38,20162,18693,1469,1146,761,385,287,36,20564,18872,1692,1311,848,463,327,54,21046,19430,1616,1280,851,429,301,35,21100,19759,1341,1008,652,356,292,41
"수성구","여자","55~59세",17968,16850,1118,827,532,295,255,36,17806,16656,1150,883,517,366,241,26,17605,16328,1277,966,571,395,281,30,17023,15877,1146,886,524,362,237,23,17145,16285,860,623,361,262,215,22
"수성구","여자","60~64세",13912,13038,874,654,378,276,206,14,14820,13835,985,738,414,324,218,29,15404,14327,1077,782,418,364,270,25,15985,14983,1002,744,436,308,227,31,16173,15446,727,505,279,226,198,24
"수성구","여자","65~69세",10574,9914,660,487,287,200,162,11,10760,10064,696,541,308,233,139,16,11543,10789,754,562,300,262,172,20,12272,11516,756,574,291,283,172,10,12802,12227,575,402,212,190,154,19
"수성구","여자","70~74세",7792,7344,448,349,201,148,91,8,8264,7739,525,425,239,186,95,5,8714,8189,525,398,229,169,119,8,9390,8750,640,498,247,251,134,8,9742,9305,437,325,179,146,108,X
"수성구","여자","75세 이상",16036,14643,1393,1043,546,497,325,25,16651,15342,1309,997,553,444,301,11,17002,15461,1541,1180,653,527,345,16,17265,15869,1396,1073,545,528,315,8,18043,16847,1196,917,465,452,263,16
"달서구","계","전체",557925,499940,57985,41761,22665,19096,13500,2724,554872,495934,58938,43295,22664,20631,12405,3238,547934,484979,62955,45937,25566,20371,14293,2725,537419,488775,48644,35003,19557,15446,12093,1548,527114,476404,50710,36762,20937,15825,12137,1811
"달서구","계","1~4세",16884,14253,2631,2077,1122,955,469,85,15616,13195,2421,1907,1053,854,445,69,13907,11676,2231,1756,938,818,402,73,11721,10393,1328,1022,541,481,262,44,10629,8718,1911,1479,797,682,355,77
"달서구","계","5~9세",24831,22615,2216,1791,1078,713,357,68,24391,22134,2257,1829,1058,771,359,69,23796,21438,2358,1929,1157,772,352,77,22700,20980,1720,1358,824,534,312,50,21211,18598,2613,2179,1403,776,378,56
"달서구","계","10~14세",26400,24728,1672,1404,950,454,206,62,25529,23956,1573,1281,831,450,227,65,25184,23433,1751,1493,1061,432,171,87,24958,23630,1328,1125,770,355,171,32,24646,22760,1886,1630,1186,444,209,47
"달서구","계","15~19세",35046,30894,4152,2469,1434,1035,1425,258,32398,28344,4054,2695,1558,1137,863,496,29681,24910,4771,3244,1793,1451,1390,137,27370,24771,2599,1302,873,429,1202,95,26242,22788,3454,1983,1164,819,1347,124
"달서구","계","20~24세",37679,31676,6003,2775,1476,1299,2447,781,37328,31398,5930,2835,1512,1323,2167,928,37071,30073,6998,3513,1826,1687,2899,586,35745,30517,5228,2660,1419,1241,2230,338,32459,27486,4973,2311,1211,1100,2249,413
"달서구","계","25~29세",37747,30756,6991,4179,2084,2095,2297,515,38286,30782,7504,4585,2208,2377,2334,585,38370,30297,8073,4928,2500,2428,2610,535,37744,30844,6900,4344,2186,2158,2319,237,35921,29618,6303,3943,1939,2004,2119,241
"달서구","계","30~34세",31058,25046,6012,4293,2095,2198,1479,240,30984,24869,6115,4363,2047,2316,1471,281,30805,24527,6278,4514,2190,2324,1522,242,30147,24828,5319,3851,1960,1891,1306,162,30812,25085,5727,4075,2037,2038,1455,197
"달서구","계","35~39세",40311,34584,5727,4410,2310,2100,1139,178,38379,32833,5546,4298,2103,2195,1067,181,35256,29896,5360,4159,2157,2002,1016,185,32227,28285,3942,2955,1584,1371,847,140,29783,25319,4464,3483,1846,1637,836,145
"달서구","계","40~44세",42280,38227,4053,3221,1794,1427,688,144,40605,36533,4072,3225,1772,1453,697,150,39902,35609,4293,3428,2041,1387,707,158,38911,35511,3400,2621,1474,1147,659,120,38610,34359,4251,3444,2102,1342,678,129
"달서구","계","45~49세",52921,48712,4209,3418,2025,1393,644,147,51107,46961,4146,3427,1942,1485,599,120,48270,44110,4160,3386,2138,1248,636,138,45033,41909,3124,2516,1488,1028,536,72,42440,39196,3244,2658,1743,915,497,89
"달서구","계","50~54세",52317,48469,3848,3176,1866,1310,605,67,53141,49209,3932,3325,1885,1440,506,101,52615,48350,4265,3516,2208,1308,582,167,52509,49134,3375,2749,1705,1044,541,85,51063,47931,3132,2573,1612,961,471,88
"달서구","계","55~59세",52689,49210,3479,2879,1651,1228,528,72,51914,48471,3443,2892,1537,1355,463,88,50565,46836,3729,3054,1810,1244,547,128,48466,45538,2928,2434,1481,953,427,67,47975,45452,2523,2031,1156,875,411,81
"달서구","계","60~64세",37650,35317,2333,1893,992,901,373,67,40714,38043,2671,2236,1139,1097,379,56,43027,40093,2934,2373,1368,1005,447,114,45823,43301,2522,2046,1188,858,418,58,46766,44621,2145,1723,1005,718,366,56
"달서구","계","65~69세",25662,24155,1507,1240,591,649,244,23,26979,25173,1806,1525,703,822,256,25,29516,27550,1966,1604,868,736,310,52,31839,30192,1647,1359,734,625,260,28,33287,31878,1409,1127,625,502,245,37
"달서구","계","70~74세",16758,15775,983,825,379,446,151,7,18207,17069,1138,990,468,522,141,7,19735,18504,1231,1002,524,478,216,13,21226,20170,1056,870,470,400,176,10,22681,21848,833,662,364,298,156,15
"달서구","계","75세 이상",27692,25523,2169,1711,818,893,448,10,29294,26964,2330,1882,848,1034,431,17,30234,27677,2557,2038,987,1051,486,33,31000,28772,2228,1791,860,931,427,10,32589,30747,1842,1461,747,714,365,16
"달서구","남자","전체",273444,244595,28849,20595,11021,9574,6952,1302,271435,242203,29232,21388,11119,10269,6333,1511,267803,236327,31476,22927,12582,10345,7214,1335,262730,238308,24422,17315,9624,7691,6309,798,257019,231529,25490,18244,10280,7964,6342,904
"달서구","남자","1~4세",8758,7407,1351,1070,561,509,239,42,8117,6873,1244,970,529,441,234,40,7230,6057,1173,923,501,422,207,43,6013,5394,619,473,243,230,121,25,5403,4413,990,771,422,349,177,42
"달서구","남자","5~9세",12759,11602,1157,940,562,378,188,29,12437,11317,1120,917,517,400,167,36,12126,10907,1219,982,590,392,192,45,11588,10707,881,685,420,265,167,29,10927,9604,1323,1120,709,411,178,25
"달서구","남자","10~14세",13669,12820,849,716,487,229,101,32,13247,12439,808,664,452,212,111,33,13019,12140,879,762,540,222,79,38,12879,12199,680,574,398,176,90,16,12691,11744,947,810,593,217,116,21
"달서구","남자","15~19세",18038,15979,2059,1332,758,574,603,124,16435,14430,2005,1452,830,622,357,196,15068,12589,2479,1833,973,860,573,73,13964,12783,1181,667,445,222,471,43,13246,11560,1686,1048,606,442,588,50
"달서구","남자","20~24세",17687,15045,2642,1248,672,576,1096,298,17616,15045,2571,1272,669,603,943,356,17605,14679,2926,1489,786,703,1230,207,17105,14788,2317,1180,650,530,1016,121,15358,13143,2215,1002,555,447,1086,127
"달서구","남자","25~29세",20569,16874,3695,2044,1046,998,1383,268,20618,16779,3839,2222,1078,1144,1317,300,20523,16320,4203,2420,1206,1214,1502,281,20074,16349,3725,2248,1155,1093,1364,113,18944,15704,3240,1885,910,975,1232,123
"달서구","남자","30~34세",16432,13201,3231,2244,1087,1157,867,120,16586,13219,3367,2391,1139,1252,845,131,16676,13211,3465,2452,1174,1278,901,112,16419,13431,2988,2107,1057,1050,794,87,16734,13644,3090,2107,1022,1085,873,110
"달서구","남자","35~39세",19898,16824,3074,2357,1209,1148,627,90,19094,16138,2956,2259,1089,1170,594,103,17606,14759,2847,2202,1128,1074,562,83,16298,14107,2191,1609,838,771,498,84,15313,12888,2425,1870,967,903,468,87
"달서구","남자","40~44세",20561,18407,2154,1681,873,808,398,75,19692,17518,2174,1671,893,778,418,85,19445,17138,2307,1816,1031,785,411,80,18945,17096,1849,1367,746,621,404,78,18822,16574,2248,1769,1024,745,397,82
"달서구","남자","45~49세",25244,23120,2124,1647,931,716,390,87,24517,22383,2134,1692,895,797,364,78,23014,20874,2140,1659,1000,659,394,87,21659,20039,1620,1250,711,539,323,47,20467,18784,1683,1352,877,475,274,57
"달서구","남자","50~54세",25135,23236,1899,1529,870,659,330,40,25420,23459,1961,1635,909,726,270,56,25239,23086,2153,1725,1047,678,323,105,25041,23344,1697,1332,806,526,308,57,24337,22698,1639,1301,825,476,273,65
"달서구","남자","55~59세",25905,24164,1741,1424,808,616,276,41,25373,23700,1673,1388,733,655,231,54,24619,22672,1947,1597,910,687,275,75,23675,22181,1494,1212,725,487,240,42,23244,21952,1292,1027,569,458,215,50
"달서구","남자","60~64세",18804,17627,1177,948,485,463,186,43,20166,18868,1298,1070,563,507,201,27,21227,19766,1461,1179,688,491,213,69,22381,21118,1263,1016,590,426,212,35,22663,21573,1090,867,494,373,183,40
"달서구","남자","65~69세",12226,11529,697,589,294,295,98,10,12879,12012,867,744,343,401,113,10,13985,13049,936,774,445,329,139,23,15188,14420,768,638,342,296,115,15,16057,15366,691,559,304,255,116,16
"달서구","남자","70~74세",7704,7287,417,355,172,183,60,X,8479,7994,485,423,199,224,58,X,9213,8635,578,478,256,222,91,9,9862,9376,486,403,228,175,79,X,10449,10081,368,297,162,135,65,6
"달서구","남자","75세 이상",10055,9473,582,471,206,265,110,X,10759,10029,730,618,281,337,110,X,11208,10445,763,636,307,329,122,5,11639,10976,663,554,270,284,107,X,12364,11801,563,459,241,218,101,X
"달서구","여자","전체",284481,255345,29136,21166,11644,9522,6548,1422,283437,253731,29706,21907,11545,10362,6072,1727,280131,248652,31479,23010,12984,10026,7079,1390,274689,250467,24222,17688,9933,7755,5784,750,270095,244875,25220,18518,10657,7861,5795,907
"달서구","여자","1~4세",8126,6846,1280,1007,561,446,230,43,7499,6322,1177,937,524,413,211,29,6677,5619,1058,833,437,396,195,30,5708,4999,709,549,298,251,141,19,5226,4305,921,708,375,333,178,35
"달서구","여자","5~9세",12072,11013,1059,851,516,335,169,39,11954,10817,1137,912,541,371,192,33,11670,10531,1139,947,567,380,160,32,11112,10273,839,673,404,269,145,21,10284,8994,1290,1059,694,365,200,31
"달서구","여자","10~14세",12731,11908,823,688,463,225,105,30,12282,11517,765,617,379,238,116,32,12165,11293,872,731,521,210,92,49,12079,11431,648,551,372,179,81,16,11955,11016,939,820,593,227,93,26
"달서구","여자","15~19세",17008,14915,2093,1137,676,461,822,134,15963,13914,2049,1243,728,515,506,300,14613,12321,2292,1411,820,591,817,64,13406,11988,1418,635,428,207,731,52,12996,11228,1768,935,558,377,759,74
"달서구","여자","20~24세",19992,16631,3361,1527,804,723,1351,483,19712,16353,3359,1563,843,720,1224,572,19466,15394,4072,2024,1040,984,1669,379,18640,15729,2911,1480,769,711,1214,217,17101,14343,2758,1309,656,653,1163,286
"달서구","여자","25~29세",17178,13882,3296,2135,1038,1097,914,247,17668,14003,3665,2363,1130,1233,1017,285,17847,13977,3870,2508,1294,1214,1108,254,17670,14495,3175,2096,1031,1065,955,124,16977,13914,3063,2058,1029,1029,887,118
"달서구","여자","30~34세",14626,11845,2781,2049,1008,1041,612,120,14398,11650,2748,1972,908,1064,626,150,14129,11316,2813,2062,1016,1046,621,130,13728,11397,2331,1744,903,841,512,75,14078,11441,2637,1968,1015,953,582,87
"달서구","여자","35~39세",20413,17760,2653,2053,1101,952,512,88,19285,16695,2590,2039,1014,1025,473,78,17650,15137,2513,1957,1029,928,454,102,15929,14178,1751,1346,746,600,349,56,14470,12431,2039,1613,879,734,368,58
"달서구","여자","40~44세",21719,19820,1899,1540,921,619,290,69,20913,19015,1898,1554,879,675,279,65,20457,18471,1986,1612,1010,602,296,78,19966,18415,1551,1254,728,526,255,42,19788,17785,2003,1675,1078,597,281,47
"달서구","여자","45~49세",27677,25592,2085,1771,1094,677,254,60,26590,24578,2012,1735,1047,688,235,42,25256,23236,2020,1727,1138,589,242,51,23374,21870,1504,1266,777,489,213,25,21973,20412,1561,1306,866,440,223,32
"달서구","여자","50~54세",27182,25233,1949,1647,996,651,275,27,27721,25750,1971,1690,976,714,236,45,27376,25264,2112,1791,1161,630,259,62,27468,25790,1678,1417,899,518,233,28,26726,25233,1493,1272,787,485,198,23
"달서구","여자","55~59세",26784,25046,1738,1455,843,612,252,31,26541,24771,1770,1504,804,700,232,34,25946,24164,1782,1457,900,557,272,53,24791,23357,1434,1222,756,466,187,25,24731,23500,1231,1004,587,417,196,31
"달서구","여자","60~64세",18846,17690,1156,945,507,438,187,24,20548,19175,1373,1166,576,590,178,29,21800,20327,1473,1194,680,514,234,45,23442,22183,1259,1030,598,432,206,23,24103,23048,1055,856,511,345,183,16
"달서구","여자","65~69세",13436,12626,810,651,297,354,146,13,14100,13161,939,781,360,421,143,15,15531,14501,1030,830,423,407,171,29,16651,15772,879,721,392,329,145,13,17230,16512,718,568,321,247,129,21
"달서구","여자","70~74세",9054,8488,566,470,207,263,91,5,9728,9075,653,567,269,298,83,X,10522,9869,653,524,268,256,125,X,11364,10794,570,467,242,225,97,6,12232,11767,465,365,202,163,91,9
"달서구","여자","75세 이상",17637,16050,1587,1240,612,628,338,9,18535,16935,1600,1264,567,697,321,15,19026,17232,1794,1402,680,722,364,28,19361,17796,1565,1237,590,647,320,8,20225,18946,1279,1002,506,496,264,13
"달성군","계","전체",239509,209905,29604,20464,4749,15715,8206,934,246594,219504,27090,18796,4873,13923,7370,924,250174,221409,28765,19739,6734,13005,7922,1104,254680,226139,28541,20123,7239,12884,7788,630,255359,232353,23006,15005,4529,10476,7229,772
"달성군","계","1~4세",12581,10780,1801,1219,301,918,527,55,12411,11005,1406,948,305,643,420,38,11622,10287,1335,976,455,521,328,31,10807,9404,1403,1016,507,509,349,38,9814,8879,935,595,241,354,287,53
"달성군","계","5~9세",14352,12999,1353,985,270,715,329,39,14995,13942,1053,727,258,469,291,35,15361,14133,1228,898,407,491,296,34,15702,14342,1360,996,475,521,332,32,15221,14289,932,584,216,368,302,46
"달성군","계","10~14세",11267,10463,804,587,204,383,201,16,11700,10989,711,524,181,343,162,25,12313,11492,821,603,273,330,183,35,13177,12336,841,623,308,315,196,22,13826,13203,623,407,160,247,185,31
"달성군","계","15~19세",11219,9750,1469,1061,277,784,382,26,11327,9645,1682,1299,317,982,344,39,10775,9183,1592,1171,414,757,373,48,10613,9724,889,608,231,377,269,12,10826,9541,1285,919,272,647,352,14
"달성군","계","20~24세",11674,9673,2001,1011,203,808,828,162,11867,9929,1938,995,227,768,808,135,11834,9488,2346,1169,431,738,1000,177,11325,9448,1877,1114,395,719,705,58,10279,8610,1669,863,245,618,735,71
"달성군","계","25~29세",15199,11627,3572,2136,458,1678,1253,183,15314,11945,3369,2064,480,1584,1106,199,15160,11686,3474,2071,578,1493,1210,193,15193,11695,3498,2191,654,1537,1217,90,14735,11617,3118,1823,513,1310,1189,106
"달성군","계","30~34세",18626,14569,4057,2710,573,2137,1230,117,18497,14980,3517,2295,608,1687,1116,106,18012,14416,3596,2482,778,1704,1016,98,17994,14226,3768,2563,873,1690,1116,89,17976,14808,3168,2075,592,1483,1000,93
"달성군","계","35~39세",24605,20975,3630,2574,566,2008,941,115,24373,21472,2901,2029,587,1442,794,78,23365,20232,3133,2217,829,1388,820,96,22532,19447,3085,2193,886,1307,822,70,20994,18770,2224,1439,466,973,695,90
"달성군","계","40~44세",20114,17951,2163,1553,419,1134,552,58,20841,18902,1939,1379,416,963,477,83,22084,19855,2229,1576,592,984,567,86,23489,21142,2347,1693,719,974,594,60,24182,22455,1727,1082,377,705,558,87
"달성군","계","45~49세",19635,17822,1813,1340,348,992,434,39,20217,18480,1737,1286,329,957,395,56,20287,18551,1736,1228,456,772,438,70,20227,18410,1817,1337,531,806,431,49,20478,19067,1411,977,305,672,379,55
"달성군","계","50~54세",18730,17074,1656,1320,300,1020,296,40,19595,17946,1649,1274,279,995,322,53,19977,18257,1720,1277,395,882,365,78,20553,18768,1785,1354,445,909,395,36,20893,19527,1366,997,263,734,328,41
"달성군","계","55~59세",19291,17597,1694,1310,305,1005,353,31,19625,17982,1643,1318,283,1035,292,33,19699,18138,1561,1181,374,807,329,51,19352,17769,1583,1271,392,879,283,29,19297,18143,1154,831,248,583,287,36
"달성군","계","60~64세",14143,12967,1176,874,185,689,272,30,15835,14552,1283,1001,235,766,261,21,17119,15791,1328,990,306,684,298,40,18635,17144,1491,1150,332,818,320,21,19434,18334,1100,802,229,573,274,24
"달성군","계","65~69세",9816,9082,734,571,101,470,154,9,10307,9578,729,569,130,439,147,13,11526,10660,866,649,155,494,191,26,12872,11824,1048,801,207,594,237,10,13627,12928,699,532,144,388,157,10
"달성군","계","70~74세",6448,5986,462,350,63,287,110,X,7129,6674,455,357,68,289,96,X,7893,7365,528,392,77,315,119,17,8576,8039,537,406,102,304,125,6,9461,9024,437,299,66,233,131,7
"달성군","계","75세 이상",11809,10590,1219,863,176,687,344,12,12561,11483,1078,731,170,561,339,8,13147,11875,1272,859,214,645,389,24,13633,12421,1212,807,182,625,397,8,14316,13158,1158,780,192,588,370,8
"달성군","남자","전체",120512,105499,15013,10263,2465,7798,4307,443,123932,110029,13903,9539,2543,6996,3915,449,125584,110774,14810,10080,3497,6583,4228,502,127795,113056,14739,10218,3680,6538,4200,321,127885,115939,11946,7605,2366,5239,3917,424
"달성군","남자","1~4세",6322,5407,915,617,159,458,274,24,6247,5530,717,479,145,334,221,17,5884,5183,701,505,233,272,181,15,5508,4793,715,528,261,267,173,14,5036,4546,490,315,117,198,147,28
"달성군","남자","5~9세",7336,6645,691,509,142,367,168,14,7676,7111,565,392,146,246,150,23,7844,7226,618,459,210,249,142,17,8006,7330,676,499,235,264,166,11,7722,7229,493,305,111,194,164,24
"달성군","남자","10~14세",5820,5417,403,298,105,193,96,9,6032,5679,353,267,87,180,76,10,6346,5930,416,302,133,169,95,19,6737,6315,422,324,147,177,92,6,7132,6838,294,190,72,118,85,19
"달성군","남자","15~19세",5969,5174,795,535,135,400,249,11,5940,5056,884,657,169,488,213,14,5558,4729,829,584,234,350,225,20,5554,5024,530,347,113,234,177,6,5462,4822,640,430,134,296,206,X
"달성군","남자","20~24세",5989,5060,929,492,106,386,377,60,6176,5245,931,510,128,382,373,48,6083,4988,1095,610,256,354,443,42,5849,4891,958,555,201,354,379,24,5338,4482,856,450,145,305,376,30
"달성군","남자","25~29세",8258,6316,1942,1092,256,836,750,100,8277,6452,1825,1058,265,793,664,103,8257,6350,1907,1076,324,752,736,95,8338,6426,1912,1147,357,790,715,50,8056,6323,1733,956,301,655,731,46
"달성군","남자","30~34세",9726,7567,2159,1441,326,1115,670,48,9665,7727,1938,1248,340,908,638,52,9408,7417,1991,1374,423,951,570,47,9398,7275,2123,1415,483,932,663,45,9425,7641,1784,1148,342,806,585,51
"달성군","남자","35~39세",12603,10647,1956,1408,302,1106,494,54,12503,10909,1594,1113,311,802,441,40,12060,10321,1739,1228,443,785,468,43,11659,9958,1701,1193,473,720,477,31,10872,9606,1266,814,260,554,403,49
"달성군","남자","40~44세",10671,9463,1208,840,233,607,327,41,10967,9904,1063,752,204,548,268,43,11508,10242,1266,882,330,552,337,47,12141,10853,1288,920,377,543,332,36,12381,11427,954,590,200,390,310,54
"달성군","남자","45~49세",9979,9086,893,640,165,475,233,20,10424,9538,886,639,183,456,215,32,10524,9607,917,613,224,389,265,39,10562,9609,953,661,265,396,256,36,10713,9966,747,500,161,339,206,41
"달성군","남자","50~54세",9267,8459,808,620,152,468,165,23,9537,8740,797,597,145,452,170,30,9763,8922,841,596,180,416,202,43,10060,9198,862,644,223,421,199,19,10405,9694,711,501,136,365,181,29
"달성군","남자","55~59세",9608,8780,828,642,153,489,174,12,9753,8942,811,636,145,491,158,17,9742,8980,762,573,176,397,159,30,9496,8724,772,609,190,419,143,20,9345,8786,559,399,112,287,133,27
"달성군","남자","60~64세",7066,6503,563,415,95,320,128,20,7880,7253,627,484,119,365,134,9,8518,7846,672,504,162,342,148,20,9206,8490,716,547,154,393,158,11,9578,9025,553,393,117,276,147,13
"달성군","남자","65~69세",4800,4443,357,286,54,232,67,X,5066,4677,389,307,77,230,75,7,5616,5202,414,312,81,231,89,13,6284,5776,508,386,98,288,115,7,6649,6326,323,250,72,178,70,X
"달성군","남자","70~74세",3070,2844,226,178,32,146,47,X,3418,3208,210,168,31,137,41,X,3815,3540,275,202,36,166,64,9,4117,3855,262,195,52,143,65,X,4558,4349,209,141,30,111,64,X
"달성군","남자","75세 이상",4028,3688,340,250,50,200,88,X,4371,4058,313,232,48,184,78,X,4658,4291,367,260,52,208,104,X,4880,4539,341,248,51,197,90,X,5213,4879,334,223,56,167,109,X
"달성군","여자","전체",118997,104406,14591,10201,2284,7917,3899,491,122662,109475,13187,9257,2330,6927,3455,475,124590,110635,13955,9659,3237,6422,3694,602,126885,113083,13802,9905,3559,6346,3588,309,127474,116414,11060,7400,2163,5237,3312,348
"달성군","여자","1~4세",6259,5373,886,602,142,460,253,31,6164,5475,689,469,160,309,199,21,5738,5104,634,471,222,249,147,16,5299,4611,688,488,246,242,176,24,4778,4333,445,280,124,156,140,25
"달성군","여자","5~9세",7016,6354,662,476,128,348,161,25,7319,6831,488,335,112,223,141,12,7517,6907,610,439,197,242,154,17,7696,7012,684,497,240,257,166,21,7499,7060,439,279,105,174,138,22
"달성군","여자","10~14세",5447,5046,401,289,99,190,105,7,5668,5310,358,257,94,163,86,15,5967,5562,405,301,140,161,88,16,6440,6021,419,299,161,138,104,16,6694,6365,329,217,88,129,100,12
"달성군","여자","15~19세",5250,4576,674,526,142,384,133,15,5387,4589,798,642,148,494,131,25,5217,4454,763,587,180,407,148,28,5059,4700,359,261,118,143,92,6,5364,4719,645,489,138,351,146,10
"달성군","여자","20~24세",5685,4613,1072,519,97,422,451,102,5691,4684,1007,485,99,386,435,87,5751,4500,1251,559,175,384,557,135,5476,4557,919,559,194,365,326,34,4941,4128,813,413,100,313,359,41
"달성군","여자","25~29세",6941,5311,1630,1044,202,842,503,83,7037,5493,1544,1006,215,791,442,96,6903,5336,1567,995,254,741,474,98,6855,5269,1586,1044,297,747,502,40,6679,5294,1385,867,212,655,458,60
"달성군","여자","30~34세",8900,7002,1898,1269,247,1022,560,69,8832,7253,1579,1047,268,779,478,54,8604,6999,1605,1108,355,753,446,51,8596,6951,1645,1148,390,758,453,44,8551,7167,1384,927,250,677,415,42
"달성군","여자","35~39세",12002,10328,1674,1166,264,902,447,61,11870,10563,1307,916,276,640,353,38,11305,9911,1394,989,386,603,352,53,10873,9489,1384,1000,413,587,345,39,10122,9164,958,625,206,419,292,41
"달성군","여자","40~44세",9443,8488,955,713,186,527,225,17,9874,8998,876,627,212,415,209,40,10576,9613,963,694,262,432,230,39,11348,10289,1059,773,342,431,262,24,11801,11028,773,492,177,315,248,33
"달성군","여자","45~49세",9656,8736,920,700,183,517,201,19,9793,8942,851,647,146,501,180,24,9763,8944,819,615,232,383,173,31,9665,8801,864,676,266,410,175,13,9765,9101,664,477,144,333,173,14
"달성군","여자","50~54세",9463,8615,848,700,148,552,131,17,10058,9206,852,677,134,543,152,23,10214,9335,879,681,215,466,163,35,10493,9570,923,710,222,488,196,17,10488,9833,655,496,127,369,147,12
"달성군","여자","55~59세",9683,8817,866,668,152,516,179,19,9872,9040,832,682,138,544,134,16,9957,9158,799,608,198,410,170,21,9856,9045,811,662,202,460,140,9,9952,9357,595,432,136,296,154,9
"달성군","여자","60~64세",7077,6464,613,459,90,369,144,10,7955,7299,656,517,116,401,127,12,8601,7945,656,486,144,342,150,20,9429,8654,775,603,178,425,162,10,9856,9309,547,409,112,297,127,11
"달성군","여자","65~69세",5016,4639,377,285,47,238,87,5,5241,4901,340,262,53,209,72,6,5910,5458,452,337,74,263,102,13,6588,6048,540,415,109,306,122,X,6978,6602,376,282,72,210,87,7
"달성군","여자","70~74세",3378,3142,236,172,31,141,63,X,3711,3466,245,189,37,152,55,X,4078,3825,253,190,41,149,55,8,4459,4184,275,211,50,161,60,X,4903,4675,228,158,36,122,67,X
"달성군","여자","75세 이상",7781,6902,879,613,126,487,256,10,8190,7425,765,499,122,377,261,5,8489,7584,905,599,162,437,285,21,8753,7882,871,559,131,428,307,5,9103,8279,824,557,136,421,261,6
