,key,value
0,<pad>,0
1,<unk>,1
2,이,2
3,에,3
4,가,4
5,이비인후과,5
6,를,6
7,을,7
8,는,8
9,도,9
10,때,10
11,의사,11
12,에서,12
13,요,13
14,것,14
15,잘,15
16,으로,16
17,제,17
18,할,18
19,귀,19
20,병원,20
21,피,21
22,귀지,22
23,검사,23
24,못,24
25,고,25
26,로,26
27,계속,27
28,너무,28
29,내과,29
30,수,30
31,한,31
32,서,32
33,들,33
34,인데,34
35,안과,35
36,전,36
37,좀,37
38,안,38
39,했는데,39
40,하는데,40
41,정신과,41
42,거,42
43,보험,43
44,진료,44
45,부터,45
46,하면,46
47,제거,47
48,가서,48
49,약,49
50,하고,50
51,만,51
52,나,52
53,증,53
54,선생님,54
55,하는,55
56,눈,56
57,적,57
58,평소,58
59,해야,59
60,되는,60
61,몇,61
62,귀가,62
63,입니다,63
64,부어,64
65,저,65
66,이명,66
67,어지러움,67
68,시간,68
69,해서,69
70,이런,70
71,되나요,71
72,있어서,72
73,일,73
74,많이,74
75,혹시,75
76,은,76
77,그리고,77
78,있습니다,78
79,정도,79
80,후,80
81,했습니다,81
82,같고,82
83,신경,83
84,있을까요,84
85,인지,85
86,추천,86
87,알려주세요,87
88,하나요,88
89,치료,89
90,자주,90
91,라고,91
92,코로나,92
93,확인,93
94,라는,94
95,증상,95
96,분,96
97,가지,97
98,때문,98
99,포기,99
100,있는데,100
101,가려는데,101
102,년,102
103,소리,103
104,다,104
105,갈,105
106,그래서,106
107,지금,107
108,오늘,108
109,면,109
110,게,110
111,원래,111
112,동네,112
113,있어요,113
114,편,114
115,필요,115
116,없겠죠,116
117,면봉,117
118,집중,118
119,막힌,119
120,노력,120
121,과,121
122,의대,122
123,꿈,123
124,되려면,124
125,보지,125
126,다니면,126
127,생활기록부,127
128,수학,128
129,과학,129
130,들려서,130
131,문제,131
132,괜찮아질,132
133,흡입,133
134,보,134
135,근데,135
136,가도,136
137,달,137
138,비,138
139,있나요,139
140,니까,140
141,보면,141
142,내일,142
143,곳,143
144,검진,144
145,수술,145
146,있는,146
147,처방,147
148,그냥,148
149,다른,149
150,그런데,150
151,무슨,151
152,안녕하세요,152
153,합니다,153
154,해도,154
155,지,155
156,걸,156
157,할까,157
158,씩,158
159,해,159
160,이나,160
161,진짜,161
162,상태,162
163,가면,163
164,까요,164
165,시,165
166,의,166
167,같은,167
168,혈액,168
169,뭔,169
170,아침,170
171,뒤,171
172,작년,172
173,제대로,173
174,가끔,174
175,가만히,175
176,예정,176
177,대로,177
178,사진,178
179,지나면,179
180,소아,180
181,봐서,181
182,되었습니다,182
183,인가요,183
184,주,184
185,가야,185
186,말,186
187,라도,187
188,과를,188
189,에게,189
190,하기,190
191,같은데,191
192,같이,192
193,느낌,193
194,중,194
195,기침,195
196,인,196
197,방문,197
198,와,198
199,될까,199
200,이번,200
201,에는,201
202,원,202
203,또,203
204,다시,204
205,어디,205
206,두,206
207,가입,207
208,이렇게,208
209,집,209
210,성,210
211,질문,211
212,있고,212
213,갑자기,213
214,조금,214
215,결과,215
216,그,216
217,감기,217
218,받은,218
219,처럼,219
220,왼쪽,220
221,엄청,221
222,아프고,222
223,라식,223
224,침,224
225,먹,225
226,째,226
227,이상,227
228,살짝,228
229,오른쪽,229
230,아니라,230
231,나서,231
232,거리,232
233,잠,233
234,왔는데,234
235,심하게,235
236,만약,236
237,안쪽,237
238,원인,238
239,상처,239
240,할지,240
241,뭘,241
242,편이,242
243,아시,243
244,삼킬,244
245,종양,245
246,구,246
247,경,247
248,가능할까,248
249,되,249
250,피부,250
251,며칠,251
252,저녁,252
253,사회,253
254,그러면,254
255,약국,255
256,보기,256
257,들리고,257
258,가려하는데,258
259,환자,259
260,울산,260
261,부탁드려요,261
262,점,262
263,심해져서,263
264,청소년,264
265,딱지,265
266,겠죠,266
267,심합니다,267
268,있는데요,268
269,과정,269
270,대학,270
271,파서,271
272,파는,272
273,소음,273
274,모르겠는데,274
275,알아보고,275
276,밤,276
277,학년,277
278,쓰여서,278
279,하더라구요,279
280,같더라구요,280
281,미루고,281
282,넣어,282
283,가볼까,283
284,서는,284
285,무조건,285
286,코감기,286
287,줄,287
288,비루,288
289,이러는,289
290,였으면,290
291,좋겠는데,291
292,귀이개,292
293,요약,293
294,가능성,294
295,퇴원,295
296,알,296
297,생활,297
298,한다면,298
299,자주파,299
300,밀려서,300
301,부스럭,301
302,발생,302
303,기본,303
304,다해,304
305,봐,305
306,생겼는지,306
307,막힌게,307
308,막힌거면,308
309,어떡하나,309
310,부끄러울,310
311,부끄러워,311
312,쓰시,312
313,차리리,313
314,앉은,314
315,흑,315
316,보여도,316
317,창피해,317
318,후유증,318
319,해당,319
320,않는,320
321,일주일,321
322,시술,322
323,근래,323
324,궁금해서요,324
325,있다가,325
326,격리,326
327,나와서요,327
328,천식,328
329,과목,329
330,끝났는데도,330
331,가려고,331
332,삐,332
333,보장,333
334,하잖아요,334
335,보는데,335
336,감염,336
337,알았는데,337
338,않아,338
339,일도,339
340,착용,340
341,물이,341
342,에선,342
343,궁금한,343
344,팔,344
345,적어도,345
346,폐기종,346
347,일반의약품,347
348,높은지,348
349,방식,349
350,겨우,350
351,영어,351
352,대회,352
353,않죠,353
354,이어폰,354
355,잘해야,355
356,국어,356
357,대갈,357
358,없다,358
359,들어갔는데,359
360,기다려야하는지,360
361,영재,361
362,유리하나요,362
363,보게,363
364,되있나요,364
365,야한다면,365
366,약한,366
367,많아요,367
368,나요,368
369,샤워,369
370,불안합니다,370
371,건가,371
372,도중,372
373,더니,373
374,하자,374
375,쉬,375
376,들리는데,376
377,나오는,377
378,앉아서,378
379,모르겠어서,379
380,안될,380
381,정신,381
382,해주시,382
383,못자서,383
384,갑자,384
385,들리지,385
386,공기,386
387,말햇,387
388,쉬었다가,388
389,어찌어찌,389
390,이러네요,390
391,가까이,391
392,보나,392
393,좋겠어용,393
394,잠잘,394
395,늦게자는,395
396,진물,396
397,먹한,397
398,있더라구요,398
399,가렵,399
400,어려운,400
401,표현,401
402,버즈,402
403,헬스,403
404,가는데요,404
405,붙어,405
406,말로,406
407,시장,407
408,축축하고,408
409,물렁한,409
410,꼬릿,410
411,고약한,411
412,악취,412
413,닦아주고,413
414,경복궁역,414
415,패치,415
416,월,416
417,드립니다,417
418,목,418
419,보고,419
420,사람,420
421,정,421
422,마다,422
423,위,423
424,없어서,424
425,더,425
426,건지,426
427,이랑,427
428,같아요,428
429,싶은데,429
430,랑,430
431,먹어도,431
432,생각,432
433,뭔가,433
434,아무,434
435,뭐,435
436,답변,436
437,라섹,437
438,말씀,438
439,학교,439
440,주변,440
441,된다고,441
442,처음,442
443,자꾸,443
444,받아도,444
445,받으려고,445
446,아파서,446
447,가야하나요,447
448,몸살,448
449,고개,449
450,안약,450
451,해주세요,451
452,마음,452
453,적혈구,453
454,림프,454
455,군데,455
456,귀찮아서,456
457,쯤,457
458,봐주나요,458
459,그때,459
460,종합병원,460
461,간이,461
462,어떻게,462
463,금식,463
464,상담,464
465,기분,465
466,내공,466
467,가기,467
468,먹고,468
469,왜,469
470,받고,470
471,번,471
472,보통,472
473,가요,473
474,에서도,474
475,한번,475
476,건,476
477,된,477
478,가고,478
479,받으러,479
480,예약,480
481,복용,481
482,없다고,482
483,최근,483
484,받아,484
485,받으면,485
486,아니면,486
487,어떤,487
488,자격증,488
489,첫,489
490,까지,490
491,여부,491
492,싶은,492
493,될,493
494,약간,494
495,걱정,495
496,시력,496
497,자,497
498,렌즈,498
499,어느,499
500,코,500
501,이라고,501
502,이고,502
503,비용,503
504,있다고,504
505,몸,505
506,개,506
507,먹으면,507
508,방정,508
509,부탁드립니다,509
510,백내장,510
511,안경,511
512,바로,512
513,고민,513
514,갔는데,514
515,이유,515
516,일단,516
517,괜찮은,517
518,되고,518
519,얼마나,519
520,개월,520
521,날,521
522,다녀,522
523,하나,523
524,의심,524
525,받아서,525
526,근처,526
527,두통,527
528,일반,528
529,어,529
530,없는,530
531,하셨는데,531
532,일이,532
533,아직,533
534,수도,534
535,않고,535
536,스마일,536
537,거기,537
538,검색,538
539,한데,539
540,있을,540
541,살이,541
542,수치,542
543,이름,543
544,같아서요,544
545,이라는,545
546,머리,546
547,한쪽,547
548,기간,548
549,글,549
550,의원,550
551,같은거,551
552,본,552
553,모르겠어요,553
554,회사,554
555,에가,555
556,니,556
557,하는지,557
558,떼,558
559,그런지,559
560,싶어서요,560
561,있는건,561
562,되는지,562
563,나왔는데,563
564,으로는,564
565,세,565
566,밥,566
567,하더라고요,567
568,라면,568
569,망막,569
570,제출,570
571,받게,571
572,긴,572
573,인후,573
574,건강검진,574
575,병명,575
576,알아보니,576
577,없을,577
578,해봤는데,578
579,옛날,579
580,극복,580
581,되어서,581
582,맨날,582
583,있던데,583
584,어쩔,584
585,그건,585
586,갔습니다,586
587,나와서,587
588,하시고,588
589,발견,589
590,우울증,590
591,가격,591
592,괜찮은데,592
593,돌리면,593
594,거나,594
595,미리,595
596,해줄,596
597,먹어야,597
598,했었는데,598
599,가라,599
600,소개,600
601,되었는데,601
602,있는게,602
603,하셨어요,603
604,키트,604
605,통,605
606,좌우,606
607,비문,607
608,찍고,608
609,하시면서,609
610,해봐야,610
611,있는걸,611
612,양성,612
613,재,613
614,기준,614
615,운데서,615
616,불안해요,616
617,금방,617
618,나오면,618
619,어쩌,619
620,심한데,620
621,대충,621
622,보건,622
623,충혈,623
624,눈감고,624
625,남,625
626,해보니,626
627,진찰,627
628,둘,628
629,기계,629
630,했을,630
631,말곤,631
632,몇번,632
633,차트,633
634,여야,634
635,없는게,635
636,언급,636
637,땐,637
638,가는데,638
639,보이는데,639
640,그러던데,640
641,없으니까,641
642,래,642
643,아닌가요,643
644,찍었을,644
645,되었다고,645
646,드는건,646
647,방금,647
648,보관,648
649,써,649
650,밝은,650
651,에서만,651
652,기다렸어요,652
653,써있더라구요,653
654,없는건데,654
655,잡아주셨어요,655
656,있는거고,656
657,쓰이긴,657
658,심각한거면,658
659,잡아주셨을테니,659
660,불안함,660
661,땡땡,661
662,받을수있나요,662
663,오랜,663
664,가봐야하나요,664
665,소변,665
666,껴서,666
667,찾아봤는데,667
668,리뷰,668
669,맞나,669
670,안고,670
671,마,671
672,약해서,672
673,낄,673
674,일로,674
675,금요일,675
676,놓음,676
677,반짝반짝,677
678,빛나는데,678
679,그렇진,679
680,꾀병,680
681,안구,681
682,정확한,682
683,자가진단,683
684,신경안,684
685,토요일,685
686,없었고,686
687,솜,687
688,부탁,688
689,떠서요,689
690,좋겠습니다,690
691,할거,691
692,안좋아서,692
693,직후,693
694,길음역,694
695,하는데였으면,695
696,심해서,696
697,고혈압,697
698,먹어서,698
699,앞,699
700,찾아가면,700
701,어쩌구,701
702,거창한,702
703,찾아가도,703
704,아주,704
705,급해요,705
706,넣는,706
707,했었습니다,707
708,낮,708
709,걸릴까,709
710,비교,710
711,콧대,711
712,어떡하죠,712
713,식욕억제제,713
714,나옵니다,714
715,걸리나요,715
716,넘은것,716
717,저만,717
718,순,718
719,나은,719
720,흰,720
721,사유,721
722,지나도,722
723,걸려요,723
724,파리,724
725,쓰면안,725
726,넣으면,726
727,확장,727
728,가능하다고,728
729,찾아봐도,729
730,나은지,730
731,공군,731
732,불합격,732
733,안좋다고,733
734,충격,734
735,받으려는데,735
736,좋을것,736
737,잠실,737
738,탈락,738
739,갔어요,739
740,감사,740
741,충열,741
742,간단하게,742
743,하고싶습니다,743
744,비문증,744
745,보려,745
746,굳이,746
747,동공,747
748,바탕,748
749,검은색,749
750,굴절률,750
751,걸고싶은데,751
752,가려,752
753,해서는,753
754,타도,754
755,갈색,755
756,나온거,756
757,먹긴,757
758,받을수,758
759,가능,759
760,선릉,760
761,눈애,761
762,어려서,762
763,안연,763
764,만들어,764
765,시간대,765
766,갔거든요,766
767,올린,767
768,밑,768
769,의정부,769
770,찔려서,770
771,나을거라고,771
772,예기,772
773,끝났어요,773
774,테이프,774
775,붙여주셨고,775
776,시반,776
777,뗐고,777
778,붙인,778
779,돌아오는거,779
780,돌아오는데,780
781,이맘때,781
782,왈,782
783,고혈압약,783
784,타야,784
785,해야하면,785
786,함니다,786
787,심해진,787
788,워,788
789,오래,789
790,망막박리,790
791,별다른,791
792,되기,792
793,있어,793
794,외과의사,794
795,불안,795
796,없었는데,796
797,괜찮은가요,797
798,미세하게,798
799,그러는데요,799
800,아기,800
801,했었고,801
802,받았으면,802
803,받았다는,803
804,있냐,804
805,물었을,805
806,사는,806
807,찔러서,807
808,잇는,808
809,속눈썹,809
810,생후,810
811,눈안,811
812,좋을,812
813,분들,813
814,종종,814
815,주사,815
816,진단,816
817,혼자,817
818,죽고,818
819,막상,819
820,우울해지고,820
821,사소한,821
822,되요,822
823,한없이,823
824,가야겠다고,824
825,팜,825
826,에도,826
827,먹지만,827
828,들다가도,828
829,괜찮거나,829
830,미룬,830
831,웃으실까,831
832,답,832
833,약사,833
834,놀정,834
835,환인,835
836,다니는,836
837,부스,837
838,피톤,838
839,렁,839
840,한꺼,840
841,약물,841
842,살,842
843,받은건데,843
844,에서는,844
845,상한,845
846,엔,846
847,감,847
848,얘기,848
849,쪽,849
850,어제,850
851,동안,851
852,찐,852
853,간,853
854,속,854
855,력,855
856,오,856
857,비염,857
858,과다복용,858
859,했어요,859
860,부모님,860
861,사실,861
862,나을까요,862
863,남용,863
864,좋아지나요,864
865,우울,865
866,싶어서,866
867,던데,867
868,일상생활,868
869,진정,869
870,않아서,870
871,올해,871
872,항상,872
873,걸까,873
874,기록,874
875,선택,875
876,무기,876
877,힘들고,877
878,설명,878
879,돼서,879
880,나올까,880
881,개인,881
882,등등,882
883,했고,883
884,지장,884
885,하려,885
886,싫고,886
887,보다는,887
888,트,888
889,모르겠네요,889
890,스스로,890
891,성분,891
892,먹고있는데,892
893,월달,893
894,당시,894
895,다닌,895
896,알바,896
897,가본,897
898,즈,898
899,지도,899
900,트라우마,900
901,사정,901
902,환,902
903,궁금하네요,903
904,쉽지,904
905,하라,905
906,대답,906
907,인벤,907
908,핀,908
909,불면,909
910,생겨,910
911,모르는,911
912,잠시,912
913,이대로,913
914,결론,914
915,거식증,915
916,베가,916
917,자이렌정,917
918,그만두고,918
919,죽음,919
920,됐는지,920
921,다신,921
922,수업,922
923,그렇다,923
924,찾아오면서,924
925,그만뒀습니다,925
926,말씀드리는,926
927,스럽고,927
928,나마,928
929,뭉,929
930,번만,930
931,학창시절,931
932,겹치,932
933,가다간,933
934,가고싶습니다,934
935,두루,935
936,실하게,936
937,스러워요,937
938,근황,938
939,있냐던데,939
940,쳐도,940
941,무기력증,941
942,알아보기,942
943,맞아도,943
944,들었냐,944
945,검정고시,945
946,쳤냐,946
947,땄냐,947
948,묻더라고요,948
949,땄냐는,949
950,미처,950
951,물어보진,951
952,묻는,952
953,효과,953
954,요즘,954
955,취업,955
956,부작용,956
957,내,957
958,맞나요,958
959,넘게,959
960,나중,960
961,받을,961
962,대,962
963,성형,963
964,없을까요,964
965,받았어요,965
966,프람,966
967,염산,967
968,남아,968
969,반정,969
970,프로,970
971,뉴,971
972,같아서,972
973,명인,973
974,라,974
975,모르겠어서요,975
976,로라,976
977,염정,977
978,습진,978
979,제정,979
980,켈,980
981,가보려는데,981
982,임정,982
983,키로,983
984,클로,984
985,이라,985
986,메디,986
987,키넷,987
988,에피,988
989,레티,989
990,벨라,990
991,유니,991
992,들일까,992
993,궁금합니다,993
994,스트레스,994
995,쪗는데,995
996,찌는,996
997,큐,997
998,머정,998
999,팔레,999
1000,스펜서,1000
1001,로프,1001
1002,마진,1002
1003,그대로,1003
1004,같은거에,1004
1005,되는건,1005
1006,대학병원,1006
1007,는데,1007
1008,맞고,1008
1009,통증,1009
1010,방법,1010
1011,얼마,1011
1012,피임,1012
1013,내시경,1013
1014,가래,1014
1015,꾸준히,1015
1016,인거,1016
1017,하,1017
1018,현재,1018
1019,한테,1019
1020,햇,1020
1021,콧물,1021
1022,외과,1022
1023,있으면,1023
1024,등,1024
1025,오후,1025
1026,경우,1026
1027,사후,1027
1028,께,1028
1029,염증,1029
1030,하루,1030
1031,엄마,1031
1032,관련,1032
1033,정말,1033
1034,큰,1034
1035,맞으려고,1035
1036,엘라,1036
1037,맞고있어요,1037
1038,낫어서,1038
1039,나게하고,1039
1040,없고,1040
1041,여,1041
1042,말고,1042
1043,가능한가요,1043
1044,아이,1044
1045,부분,1045
1046,실비,1046
1047,그런,1047
1048,입원,1048
1049,받았는데,1049
1050,청력,1050
1051,하려고,1051
1052,꼭,1052
1053,보니,1053
1054,소견,1054
1055,항생제,1055
1056,아,1056
1057,좋을까요,1057
1058,예전,1058
1059,대해,1059
1060,님,1060
1061,급,1061
1062,네,1062
1063,강남,1063
1064,친구,1064
1065,전문의,1065
1066,눈물,1066
1067,데,1067
1068,석,1068
1069,정상,1069
1070,보다,1070
1071,가는게,1071
1072,염,1072
1073,기도,1073
1074,없는데,1074
1075,가는,1075
1076,물감,1076
1077,저희,1077
1078,도움,1078
1079,있다면,1079
1080,있는지,1080
1081,보라,1081
1082,없이,1082
1083,감사하겠습니다,1083
1084,하지,1084
1085,가능한,1085
1086,신,1086
1087,받았습니다,1087
1088,하는데요,1088
1089,께서,1089
1090,좋은,1090
1091,상황,1091
1092,심장,1092
1093,식도염,1093
1094,밖에,1094
1095,판정,1095
1096,이제,1096
1097,열,1097
1098,하면서,1098
1099,물,1099
1100,알레르기,1100
1101,진행,1101
1102,어머니,1102
1103,보는,1103
1104,이후,1104
1105,역류성,1105
1106,사용,1106
1107,시작,1107
1108,어지럼증,1108
1109,기,1109
1110,한의원,1110
1111,해주나요,1111
1112,들어,1112
1113,돈,1113
1114,막,1114
1115,어디가,1115
1116,서울,1116
1117,따로,1117
1118,갔다,1118
1119,많아서,1119
1120,힘들어서,1120
1121,빨리,1121
1122,여러,1122
1123,아닌,1123
1124,공부,1124
1125,하는게,1125
1126,하게,1126
1127,신검,1127
1128,나고,1128
1129,자고,1129
1130,괜찮을까요,1130
1131,되면,1131
1132,한다고,1132
1133,센터,1133
1134,소,1134
1135,매일,1135
1136,이야기,1136
1137,받아야,1137
1138,그렇게,1138
1139,거의,1139
1140,드림,1140
1141,반,1141
1142,병,1142
1143,비중,1143
1144,이에요,1144
1145,질환,1145
1146,식,1146
1147,치과,1147
1148,되어,1148
1149,격,1149
1150,아님,1150
1151,해결,1151
1152,하다가,1152
1153,약도,1153
1154,로는,1154
1155,점점,1155
1156,있었는데,1156
1157,보려고,1157
1158,아니고,1158
1159,감정,1159
1160,들어서,1160
1161,에요,1161
1162,일까,1162
1163,저번,1163
1164,같습니다,1164
1165,봤는데,1165
1166,과는,1166
1167,가슴,1167
1168,성인,1168
1169,기능,1169
1170,호흡,1170
1171,그래도,1171
1172,끼,1172
1173,장애,1173
1174,나이,1174
1175,하셔서,1175
1176,아무래도,1176
1177,근시,1177
1178,싶습니다,1178
1179,싶어요,1179
1180,동,1180
1181,없어요,1181
1182,되는데,1182
1183,차이,1183
1184,후두,1184
1185,숨,1185
1186,공황장애,1186
1187,아버지,1187
1188,여기,1188
1189,해서요,1189
1190,후반,1190
1191,들고,1191
1192,지속,1192
1193,별로,1193
1194,다음,1194
1195,봅니다,1195
1196,해주는,1196
1197,나오고,1197
1198,달라,1198
1199,입,1199
1200,않아요,1200
1201,불안장애,1201
1202,편도결석,1202
1203,학생,1203
1204,술,1204
1205,운동,1205
1206,심리상담,1206
1207,알려주시면,1207
1208,되서,1208
1209,상,1209
1210,먹는,1210
1211,재검,1211
1212,함께,1212
1213,먹으면서,1213
1214,받다가,1214
1215,같은게,1215
1216,온,1216
1217,이라도,1217
1218,인터넷,1218
1219,전화,1219
1220,인해,1220
1221,축농증,1221
1222,여자,1222
1223,없나요,1223
1224,아예,1224
1225,하던데,1225
1226,및,1226
1227,위해,1227
1228,수면,1228
1229,모든,1229
1230,청구,1230
1231,정보,1231
1232,않습니다,1232
1233,아픈데,1233
1234,종일,1234
1235,참고,1235
1236,관리,1236
1237,과로,1237
1238,아닌데,1238
1239,초음파,1239
1240,문,1240
1241,속이,1241
1242,전문,1242
1243,주로,1243
1244,어떨,1244
1245,우울함,1245
1246,하여,1246
1247,어릴,1247
1248,솔직히,1248
1249,년전,1249
1250,소화,1250
1251,일치,1251
1252,교수,1252
1253,쌤,1253
1254,나영,1254
1255,구강,1255
1256,신장,1256
1257,대한,1257
1258,독감,1258
1259,하네요,1259
1260,가족,1260
1261,생기,1261
1262,심리,1262
1263,문의,1263
1264,힘들어요,1264
1265,같아,1265
1266,궁금해요,1266
1267,그럼,1267
1268,교정,1268
1269,안보,1269
1270,재채기,1270
1271,하지만,1271
1272,난,1272
1273,아파요,1273
1274,대략,1274
1275,볼,1275
1276,있다,1276
1277,불이익,1277
1278,나오나요,1278
1279,소화기,1279
1280,여서,1280
1281,야할까,1281
1282,광고,1282
1283,영향,1283
1284,크게,1284
1285,같다고,1285
1286,생겨서,1286
1287,암,1287
1288,별,1288
1289,먹었는데,1289
1290,외,1290
1291,한지,1291
1292,미성년,1292
1293,기억,1293
1294,초,1294
1295,찾고,1295
1296,난청,1296
1297,대구,1297
1298,호흡기,1298
1299,공허함과,1299
1300,나아지나요,1300
1301,하니,1301
1302,그거,1302
1303,힘,1303
1304,많은,1304
1305,걸려서,1305
1306,가보,1306
1307,울,1307
1308,심한,1308
1309,먹어,1309
1310,종합,1310
1311,토,1311
1312,턱,1312
1313,받는,1313
1314,인천,1314
1315,중이,1315
1316,죠,1316
1317,불면증,1317
1318,해야하나요,1318
1319,신분,1319
1320,막힘,1320
1321,라서,1321
1322,자해,1322
1323,배,1323
1324,듯,1324
1325,곡증,1325
1326,다니고,1326
1327,중반,1327
1328,잠도,1328
1329,시험,1329
1330,호전,1330
1331,년도,1331
1332,갔더니,1332
1333,수면제,1333
1334,인공,1334
1335,뇌,1335
1336,딱,1336
1337,만원,1337
1338,부산,1338
1339,해보려고,1339
1340,좋다고,1340
1341,의뢰,1341
1342,가봐야,1342
1343,아무런,1343
1344,준비,1344
1345,인가,1345
1346,자신,1346
1347,하는건,1347
1348,올,1348
1349,수액,1349
1350,현,1350
1351,이력,1351
1352,여쭤,1352
1353,와서,1353
1354,사,1354
1355,이럴,1355
1356,혈압,1356
1357,예,1357
1358,촬영,1358
1359,오히려,1359
1360,양쪽,1360
1361,하러,1361
1362,내용,1362
1363,증세,1363
1364,돼요,1364
1365,는걸,1365
1366,목구멍,1366
1367,그게,1367
1368,하다,1368
1369,일전,1369
1370,함,1370
1371,추가,1371
1372,갔다가,1372
1373,에만,1373
1374,인한,1374
1375,애,1375
1376,복무,1376
1377,초기,1377
1378,보청기,1378
1379,가나,1379
1380,간호사,1380
1381,초진,1381
1382,안경점,1382
1383,듭니,1383
1384,먼저,1384
1385,위염,1385
1386,하시는,1386
1387,연락,1387
1388,동반,1388
1389,할수,1389
1390,받았고,1390
1391,방,1391
1392,그러는데,1392
1393,고생,1393
1394,괜찮나요,1394
1395,공황,1395
1396,아픈,1396
1397,이상한,1397
1398,손,1398
1399,냄새,1399
1400,없습니다,1400
1401,들었는데,1401
1402,심하고,1402
1403,캡슐,1403
1404,화,1404
1405,했는데요,1405
1406,건강,1406
1407,종류,1407
1408,모,1408
1409,고등학교,1409
1410,목소리,1410
1411,가보려고,1411
1412,했지만,1412
1413,고통,1413
1414,녹내장,1414
1415,덜,1415
1416,류마티스,1416
1417,하셨습니다,1417
1418,정밀검사,1418
1419,경험,1419
1420,힘든,1420
1421,법,1421
1422,있는거,1422
1423,순간,1423
1424,가봐,1424
1425,들리는,1425
1426,쓰고,1426
1427,이라서,1427
1428,언제,1428
1429,그래요,1429
1430,구내염,1430
1431,용,1431
1432,초반,1432
1433,잘못,1433
1434,다이어트,1434
1435,가장,1435
1436,넣고,1436
1437,맞는,1437
1438,통풍,1438
1439,조절,1439
1440,서도,1440
1441,전체,1441
1442,새벽,1442
1443,처방전,1443
1444,대기,1444
1445,걍,1445
1446,이틀,1446
1447,제목,1447
1448,이면,1448
1449,얼굴,1449
1450,골절,1450
1451,대장,1451
1452,증후군,1452
1453,막히고,1453
1454,응급실,1454
1455,질병,1455
1456,아래,1456
1457,이미,1457
1458,될지,1458
1459,이건,1459
1460,물론,1460
1461,화장실,1461
1462,원장,1462
1463,강남역,1463
1464,동시,1464
1465,아빠,1465
1466,관계,1466
1467,심해지고,1467
1468,남자,1468
1469,맞을까요,1469
1470,잡,1470
1471,없어,1471
1472,의지,1472
1473,저하,1473
1474,뿐,1474
1475,고등학생,1475
1476,의학과,1476
1477,긴장,1477
1478,혀,1478
1479,들었습니다,1479
1480,둘다,1480
1481,여학생,1481
1482,타,1482
1483,음성,1483
1484,찍어,1484
1485,음식,1485
1486,영,1486
1487,요새,1487
1488,소아과,1488
1489,코뼈,1489
1490,안되는,1490
1491,차,1491
1492,준,1492
1493,설사,1493
1494,됐습니다,1494
1495,매,1495
1496,갑상선,1496
1497,몇개,1497
1498,특히,1498
1499,어디서,1499
1500,붓고,1500
1501,먹을,1501
1502,늘,1502
1503,광주,1503
1504,고막,1504
1505,영상,1505
1506,중학생,1506
1507,보이,1507
1508,조,1508
1509,빼고,1509
1510,든,1510
1511,안좋은,1511
1512,업무,1512
1513,절대,1513
1514,가정,1514
1515,남편,1515
1516,가까운,1516
1517,지역,1517
1518,여성,1518
1519,나와요,1519
1520,힘들,1520
1521,않나요,1521
1522,이전,1522
1523,심해,1523
1524,아니라고,1524
1525,각막,1525
1526,직업,1526
1527,제일,1527
1528,하려면,1528
1529,한국,1529
1530,먹었습니다,1530
1531,람정,1531
1532,과도,1532
1533,너,1533
1534,그런건,1534
1535,볼까,1535
1536,생리,1536
1537,점심,1537
1538,사이,1538
1539,엑스레이,1539
1540,있었어요,1540
1541,그것,1541
1542,조현병,1542
1543,보시,1543
1544,구토,1544
1545,거든요,1545
1546,중간,1546
1547,먹다가,1547
1548,하십니다,1548
1549,세상,1549
1550,마지막,1550
1551,역,1551
1552,않은,1552
1553,평생,1553
1554,포함,1554
1555,안검,1555
1556,단,1556
1557,동생,1557
1558,자세히,1558
1559,노안,1559
1560,혹,1560
1561,아픕니다,1561
1562,발급,1562
1563,젠,1563
1564,도와주세요,1564
1565,정형외과,1565
1566,유명한,1566
1567,무엇,1567
1568,저렇게,1568
1569,하기도,1569
1570,감사합니다,1570
1571,싫어요,1571
1572,마취,1572
1573,찾아보니,1573
1574,모양,1574
1575,있다는,1575
1576,그렇다고,1576
1577,싶은데요,1577
1578,나왔어요,1578
1579,먹는데,1579
1580,한약,1580
1581,지는,1581
1582,주시,1582
1583,됩니다,1583
1584,주나요,1584
1585,누가,1585
1586,힘드네요,1586
1587,일시,1587
1588,알프,1588
1589,할인,1589
1590,받았는데요,1590
1591,붓기,1591
1592,션,1592
1593,곧,1593
1594,좋지,1594
1595,완치,1595
1596,장기,1596
1597,죽,1597
1598,들어요,1598
1599,진통제,1599
1600,위장,1600
1601,시도,1601
1602,미용,1602
1603,다니면서,1603
1604,어지럽고,1604
1605,의료,1605
1606,처리,1606
1607,청소,1607
1608,해야하는데,1608
1609,지인,1609
1610,아는,1610
1611,가게,1611
1612,좋나요,1612
1613,최대한,1613
1614,학원,1614
1615,자체,1615
1616,보이는,1616
1617,하시더라구요,1617
1618,식도,1618
1619,고지,1619
1620,연고,1620
1621,근,1621
1622,휘,1622
1623,예비군,1623
1624,선,1624
1625,고요,1625
1626,자기,1626
1627,대부분,1627
1628,진료기록,1628
1629,오라,1629
1630,주말,1630
1631,초등학생,1631
1632,초등학교,1632
1633,끝,1633
1634,왔다고,1634
1635,넘,1635
1636,갔을,1636
1637,관,1637
1638,생긴,1638
1639,이네,1639
1640,직접,1640
1641,아들,1641
1642,식욕,1642
1643,불안감,1643
1644,되지,1644
1645,항우울제,1645
1646,주세요,1646
1647,대요,1647
1648,레이저,1648
1649,해보고,1649
1650,완화,1650
1651,쉽게,1651
1652,반복,1652
1653,충,1653
1654,반응,1654
1655,있음,1655
1656,어렸을,1656
1657,예민한,1657
1658,비슷한,1658
1659,싶어,1659
1660,대화,1660
1661,도저히,1661
1662,일요일,1662
1663,막혀서,1663
1664,있어서요,1664
1665,심리검사,1665
1666,중학교,1666
1667,산부인과,1667
1668,먹기,1668
1669,월요일,1669
1670,임신,1670
1671,근무,1671
1672,못자고,1672
1673,신체검사,1673
1674,자존감,1674
1675,욕,1675
1676,그러다가,1676
1677,안해,1677
1678,보호자,1678
1679,명치,1679
1680,안되서,1680
1681,안압,1681
1682,회,1682
1683,내분비,1683
1684,어딜,1684
1685,하는거,1685
1686,다래끼,1686
1687,대전,1687
1688,서류,1688
1689,부담,1689
1690,먹은,1690
1691,자세한,1691
1692,삶,1692
1693,열심히,1693
1694,양,1694
1695,주전,1695
1696,중이염,1696
1697,작은,1697
1698,형,1698
1699,닉,1699
1700,편도,1700
1701,있어도,1701
1702,불안해서,1702
1703,봐도,1703
1704,딱히,1704
1705,간다,1705
1706,않은데,1706
1707,했더니,1707
1708,조언,1708
1709,옆,1709
1710,뭐라고,1710
1711,불편,1711
1712,해보니까,1712
1713,멍울,1713
1714,없지만,1714
1715,직장,1715
1716,현상,1716
1717,쌍수,1717
1718,아닌가,1718
1719,신고,1719
1720,제발,1720
1721,당장,1721
1722,몰라서,1722
1723,사춘기,1723
1724,마셔도,1724
1725,그랬는데,1725
1726,기운,1726
1727,받았던,1727
1728,기존,1728
1729,자살,1729
1730,있나,1730
1731,스테로이드,1731
1732,해요,1732
1733,습관,1733
1734,졸업,1734
1735,실,1735
1736,했던,1736
1737,아닌지,1737
1738,듣고,1738
1739,따라,1739
1740,책,1740
1741,강박증,1741
1742,처방약,1742
1743,끊고,1743
1744,동의,1744
1745,난시,1745
1746,취침,1746
1747,화가,1747
1748,간단한,1748
1749,낫,1749
1750,정신건강,1750
1751,오고,1751
1752,폭,1752
1753,그걸,1753
1754,다니던,1754
1755,심,1755
1756,골이가,1756
1757,목적,1757
1758,간지럽고,1758
1759,결국,1759
1760,찾기,1760
1761,알아보는,1761
1762,공유,1762
1763,신청,1763
1764,불편해서,1764
1765,전혀,1765
1766,생겼는데,1766
1767,와이프,1767
1768,생,1768
1769,작,1769
1770,클리,1770
1771,해달라고,1771
1772,중증,1772
1773,부위,1773
1774,곳도,1774
1775,왔습니다,1775
1776,따갑고,1776
1777,본인,1777
1778,봐야,1778
1779,모르겠고,1779
1780,인식,1780
1781,올립니다,1781
1782,치아,1782
1783,괜찮아,1783
1784,결막염,1784
1785,맘,1785
1786,공익,1786
1787,받는게,1787
1788,항목,1788
1789,의견,1789
1790,의식,1790
1791,오한,1791
1792,조금씩,1792
1793,안되고,1793
1794,까지는,1794
1795,장염,1795
1796,단순,1796
1797,심각한,1797
1798,나는데,1798
1799,않았는데,1799
1800,이러한,1800
1801,되네요,1801
1802,아무리,1802
1803,있거든요,1803
1804,침대,1804
1805,많고,1805
1806,려고,1806
1807,다가,1807
1808,인걸,1808
1809,적도,1809
1810,꽤,1810
1811,개원,1811
1812,알려,1812
1813,안된다고,1813
1814,연골,1814
1815,지방,1815
1816,행동,1816
1817,확,1817
1818,납니다,1818
1819,근육통,1819
1820,지난,1820
1821,시야,1821
1822,애가,1822
1823,야,1823
1824,당뇨,1824
1825,현역,1825
1826,경과,1826
1827,하니까,1827
1828,힘듭니다,1828
1829,가고싶은데,1829
1830,찾아보니까,1830
1831,됐는데,1831
1832,점막,1832
1833,청주,1833
1834,괜찮은지,1834
1835,직장인,1835
1836,또는,1836
1837,받으려면,1837
1838,회복,1838
1839,통해,1839
1840,이사,1840
1841,일정,1841
1842,필요한,1842
1843,열은,1843
1844,고도,1844
1845,며,1845
1846,실력,1846
1847,하였습니다,1847
1848,세게,1848
1849,소독,1849
1850,천공,1850
1851,아웃,1851
1852,보는게,1852
1853,지나,1853
1854,발작,1854
1855,무서워서,1855
1856,뼈,1856
1857,코피,1857
1858,물질,1858
1859,받나요,1859
1860,운영,1860
1861,앓고,1861
1862,약과,1862
1863,또한,1863
1864,코드,1864
1865,사시,1865
1866,알약,1866
1867,눈치,1867
1868,수가,1868
1869,들까,1869
1870,그런거,1870
1871,잠깐,1871
1872,가보는게,1872
1873,코골,1873
1874,결석,1874
1875,네이버,1875
1876,성격,1876
1877,보고싶은데,1877
1878,괜찮다고,1878
1879,해지,1879
1880,가보고,1880
1881,생길까봐,1881
1882,하기엔,1882
1883,컴퓨터,1883
1884,임,1884
1885,훈련소,1885
1886,아는데,1886
1887,뿌옇게,1887
1888,힘들어,1888
1889,그만,1889
1890,판단,1890
1891,명,1891
1892,일어나니,1892
1893,하더군요,1893
1894,이해,1894
1895,사는데,1895
1896,만으로,1896
1897,야할지,1897
1898,빼주나요,1898
1899,좋아서,1899
1900,여러가지,1900
1901,이다,1901
1902,기는,1902
1903,접수,1903
1904,맞춰,1904
1905,환절기,1905
1906,마른,1906
1907,뜻,1907
1908,이상은,1908
1909,남성,1909
1910,천안,1910
1911,당연히,1911
1912,관심,1912
1913,추후,1913
1914,창원,1914
1915,계시,1915
1916,올려,1916
1917,봐요,1917
1918,위치,1918
1919,벌써,1919
1920,탓,1920
1921,싶고,1921
1922,괜히,1922
1923,수요일,1923
1924,정기,1924
1925,실리콘,1925
1926,먹하고,1926
1927,들면서,1927
1928,갈수록,1928
1929,남깁니다,1929
1930,않으면,1930
1931,절,1931
1932,안나,1932
1933,정신질환,1933
1934,상이,1934
1935,부천,1935
1936,높은,1936
1937,하도,1937
1938,돌,1938
1939,하시는데,1939
1940,없어서요,1940
1941,힘든데,1941
1942,개선,1942
1943,피로,1943
1944,중인,1944
1945,굉장히,1945
1946,하며,1946
1947,싫어서,1947
1948,볼때,1948
1949,심리학,1949
1950,전공,1950
1951,중단,1951
1952,않네요,1952
1953,총,1953
1954,해주시면,1954
1955,야하는,1955
1956,같기도,1956
1957,스프레이,1957
1958,공,1958
1959,연,1959
1960,된다면,1960
1961,교정술,1961
1962,적용,1962
1963,후기,1963
1964,되겠죠,1964
1965,빨갛게,1965
1966,파,1966
1967,알고싶습니다,1967
1968,재발,1968
1969,훈련,1969
1970,우리,1970
1971,하신,1971
1972,과민성,1972
1973,않는데,1973
1974,전문가,1974
1975,내년,1975
1976,같은건,1976
1977,하고싶은데,1977
1978,거주,1978
1979,그럴,1979
1980,빠른,1980
1981,있었고,1981
1982,폭행,1982
1983,복부,1983
1984,모기,1984
1985,조울증,1985
1986,실손,1986
1987,우선,1987
1988,확실히,1988
1989,듣는,1989
1990,쓰는,1990
1991,하늘,1991
1992,자극,1992
1993,가능하다면,1993
1994,멀어서,1994
1995,들어서요,1995
1996,억지로,1996
1997,잘해주는,1997
1998,받으라고,1998
1999,간지러워서,1999
2000,치를,2000
2001,하수,2001
2002,의무,2002
2003,기적,2003
2004,건조,2004
2005,궁금해서,2005
2006,장,2006
2007,피어싱,2007
2008,매번,2008
2009,한다는,2009
2010,있지만,2010
2011,걸린,2011
2012,부비동염,2012
2013,편도염,2013
2014,해야하는지,2014
2015,있던,2015
2016,피해,2016
2017,으로도,2017
2018,달이,2018
2019,그동안,2019
2020,보단,2020
2021,였는데,2021
2022,하고요,2022
2023,할려고,2023
2024,있는지도,2024
2025,파는데,2025
2026,드는데,2026
2027,공항,2027
2028,콧구멍,2028
2029,다리,2029
2030,식은땀,2030
2031,맞는지,2031
2032,바스락,2032
2033,넣어서,2033
2034,않을까요,2034
2035,지식인,2035
2036,팔이,2036
2037,마세요,2037
2038,먹으니,2038
2039,그러니까,2039
2040,이왕이면,2040
2041,조돈,2041
2042,없는건,2042
2043,잔,2043
2044,일어나서,2044
2045,군대,2045
2046,돼나요,2046
2047,야간,2047
2048,면제,2048
2049,면허,2049
2050,우울하고,2050
2051,내내,2051
2052,티,2052
2053,그러다,2053
2054,금액,2054
2055,바람,2055
2056,확실하게,2056
2057,치료받는,2057
2058,수원,2058
2059,예방,2059
2060,해주셨는데,2060
2061,런가,2061
2062,결정,2062
2063,맞으면,2063
2064,첨부,2064
2065,보이지,2065
2066,괜찮겠죠,2066
2067,이며,2067
2068,일어나면,2068
2069,맑은,2069
2070,두번째,2070
2071,각,2071
2072,없는지,2072
2073,지원,2073
2074,일주,2074
2075,수시로,2075
2076,복통,2076
2077,부정,2077
2078,무료,2078
2079,지났는데,2079
2080,삼,2080
2081,한두,2081
2082,나왔습니다,2082
2083,받기,2083
2084,계획,2084
2085,상해,2085
2086,아직도,2086
2087,살기,2087
2088,세번,2088
2089,다니다가,2089
2090,듯이,2090
2091,분명,2091
2092,코안,2092
2093,새로,2093
2094,신경안정제,2094
2095,무섭고,2095
2096,건조해서,2096
2097,출근,2097
2098,측정,2098
2099,다르게,2099
2100,의존,2100
2101,심하지,2101
2102,아니,2102
2103,니깐,2103
2104,상관,2104
2105,흉터,2105
2106,있었습니다,2106
2107,헛구역질,2107
2108,맞을,2108
2109,벽,2109
2110,아닐까,2110
2111,불량,2111
2112,없으면,2112
2113,역서,2113
2114,느껴집니다,2114
2115,연기,2115
2116,가스,2116
2117,하려는데,2117
2118,몰라,2118
2119,이긴,2119
2120,마시고,2120
2121,나오는데,2121
2122,되게,2122
2123,쓸,2123
2124,지난주,2124
2125,소염제,2125
2126,메모,2126
2127,컨디션,2127
2128,두드러기,2128
2129,성적,2129
2130,수준,2130
2131,들려요,2131
2132,물혹,2132
2133,혹은,2133
2134,디스크,2134
2135,가정폭력,2135
2136,받고싶은데,2136
2137,감당,2137
2138,언니,2138
2139,갈수,2139
2140,틱,2140
2141,적은,2141
2142,누워서,2142
2143,다녀왔는데,2143
2144,셧,2144
2145,정확히,2145
2146,찾아보고,2146
2147,과의,2147
2148,주위,2148
2149,임파선,2149
2150,건데,2150
2151,중요한,2151
2152,가능한지,2152
2153,고려,2153
2154,뻑뻑,2154
2155,하긴,2155
2156,않,2156
2157,혈관,2157
2158,드려요,2158
2159,달전,2159
2160,알러지,2160
2161,바랍니다,2161
2162,까지만,2162
2163,단순히,2163
2164,정신병,2164
2165,꽉,2165
2166,계신다면,2166
2167,들어가서,2167
2168,해외,2168
2169,훨씬,2169
2170,심해졌어요,2170
2171,하겠어요,2171
2172,지고,2172
2173,있고요,2173
2174,드네,2174
2175,단계,2175
2176,환경,2176
2177,지어,2177
2178,까지도,2178
2179,낀,2179
2180,내고,2180
2181,안됩니다,2181
2182,안이,2182
2183,살때,2183
2184,린,2184
2185,정신병원,2185
2186,일차,2186
2187,생일,2187
2188,크고,2188
2189,정이,2189
2190,매우,2190
2191,김,2191
2192,부터는,2192
2193,가던,2193
2194,났는데,2194
2195,이드,2195
2196,해주셔서,2196
2197,필요하다고,2197
2198,자가,2198
2199,시신경,2199
2200,호소,2200
2201,흰색,2201
2202,가봤는데,2202
2203,홍보,2203
2204,년생,2204
2205,안정,2205
2206,좋겠어요,2206
2207,새,2207
2208,멀리,2208
2209,보여요,2209
2210,재수술,2210
2211,값,2211
2212,떨어지고,2212
2213,떨림,2213
2214,된거,2214
2215,할까봐,2215
2216,출산,2216
2217,민방위,2217
2218,싶었는데,2218
2219,하는지도,2219
2220,번째,2220
2221,비만,2221
2222,빛,2222
2223,역시,2223
2224,과거,2224
2225,자녀,2225
2226,실제,2226
2227,숨쉬기,2227
2228,자격,2228
2229,많다고,2229
2230,라식수술,2230
2231,권유,2231
2232,없어도,2232
2233,않을,2233
2234,찬,2234
2235,아프지는,2235
2236,쿡쿡,2236
2237,한다는데,2237
2238,받을까,2238
2239,먹는게,2239
2240,보신,2240
2241,겹,2241
2242,눈앞,2242
2243,보여,2243
2244,해주고,2244
2245,뉴스,2245
2246,도수,2246
2247,입시,2247
2248,몇몇,2248
2249,고치,2249
2250,차단,2250
2251,같네요,2251
2252,바꿔,2252
2253,으로만,2253
2254,죽어,2254
2255,다녀도,2255
2256,같은것도,2256
2257,군자역,2257
2258,평상시,2258
2259,아프거나,2259
2260,밖,2260
2261,싶네요,2261
2262,진,2262
2263,고해,2263
2264,경기도,2264
2265,자연,2265
2266,백,2266
2267,지치고,2267
2268,여전히,2268
2269,의학,2269
2270,좋을거,2270
2271,있어야,2271
2272,먹해,2272
2273,지면,2273
2274,대학교,2274
2275,담배,2275
2276,받는데,2276
2277,누르면,2277
2278,보입니다,2278
2279,사항,2279
2280,세부,2280
2281,물어봅니다,2281
2282,가려고하는데,2282
2283,딸,2283
2284,발표,2284
2285,인데요,2285
2286,노란,2286
2287,듣기,2287
2288,보인다고,2288
2289,특별한,2289
2290,샘,2290
2291,아니지만,2291
2292,이런게,2292
2293,미친듯이,2293
2294,당,2294
2295,걸릴,2295
2296,답답해서,2296
2297,봤을,2297
2298,론,2298
2299,울렁거리고,2299
2300,사랑,2300
2301,환청,2301
2302,빠르게,2302
2303,김포,2303
2304,맨,2304
2305,폐,2305
2306,되어야,2306
2307,다름이,2307
2308,작성,2308
2309,상급,2309
2310,겁,2310
2311,서에,2311
2312,있네요,2312
2313,허리,2313
2314,특별히,2314
2315,요청,2315
2316,할만,2316
2317,기관,2317
2318,나아지지,2318
2319,틱장애,2319
2320,입학,2320
2321,심해지는,2321
2322,좋아지는,2322
2323,드는지,2323
2324,있으,2324
2325,기구,2325
2326,겪고,2326
2327,방학,2327
2328,해주실,2328
2329,해보,2329
2330,위주,2330
2331,구멍,2331
2332,콧속,2332
2333,에스,2333
2334,가보려하는데,2334
2335,시기,2335
2336,엊그제,2336
2337,스,2337
2338,병행,2338
2339,아니어도,2339
2340,들릴,2340
2341,치,2341
2342,서로,2342
2343,어떻,2343
2344,확진,2344
2345,전부,2345
2346,겸,2346
2347,수능,2347
2348,잡고,2348
2349,그렇고,2349
2350,불편하네요,2350
2351,논현,2351
2352,좋을지,2352
2353,들을,2353
2354,하는것,2354
2355,아닙니다,2355
2356,노란색,2356
2357,아랫,2357
2358,주일,2358
2359,깊숙히,2359
2360,바,2360
2361,학폭,2361
2362,그나마,2362
2363,조차,2363
2364,받아요,2364
2365,이러는데,2365
2366,부탁드릴게요,2366
2367,각각,2367
2368,남나요,2368
2369,이구,2369
2370,일상,2370
2371,클래스,2371
2372,하고나서,2372
2373,땜,2373
2374,첫날,2374
2375,같다는,2375
2376,있다는데,2376
2377,입술,2377
2378,최고,2378
2379,먹고있어요,2379
2380,목도,2380
2381,방치,2381
2382,싶기도,2382
2383,월급,2383
2384,반대,2384
2385,봐주는,2385
2386,괜찮아져서,2386
2387,디,2387
2388,에프,2388
2389,차라리,2389
2390,좋은지,2390
2391,있,2391
2392,시켜,2392
2393,갈려고,2393
2394,나을,2394
2395,측,2395
2396,김해,2396
2397,있긴,2397
2398,입영,2398
2399,날짜,2399
2400,똑같이,2400
2401,아플,2401
2402,하셨고,2402
2403,되는지도,2403
2404,먹은지,2404
2405,용량,2405
2406,정밀,2406
2407,무,2407
2408,체중,2408
2409,하루하루,2409
2410,쎄게,2410
2411,리보,2411
2412,트릴,2412
2413,섭취,2413
2414,완전히,2414
2415,검,2415
2416,코로,2416
2417,겁니다,2417
2418,티비,2418
2419,중복,2419
2420,낼,2420
2421,왔다,2421
2422,무릎,2422
2423,놀,2423
2424,무언가,2424
2425,어린이,2425
2426,많습니다,2426
2427,양제,2427
2428,추석,2428
2429,악화,2429
2430,관절염,2430
2431,어렵네요,2431
2432,많은데,2432
2433,유,2433
2434,삼산동,2434
2435,안양,2435
2436,최소,2436
2437,이혼,2437
2438,담석,2438
2439,좋고,2439
2440,물놀이,2440
2441,느껴지는,2441
2442,떨어져서,2442
2443,아니더라도,2443
2444,한다,2444
2445,살면서,2445
2446,취급,2446
2447,종이,2447
2448,단지,2448
2449,한참,2449
2450,아무튼,2450
2451,진심,2451
2452,하얀색,2452
2453,광시,2453
2454,맞지,2454
2455,하드,2455
2456,금,2456
2457,이기도,2457
2458,아프다고,2458
2459,착각,2459
2460,했거든요,2460
2461,부은,2461
2462,제외,2462
2463,한편,2463
2464,파상풍,2464
2465,빼는,2465
2466,간판,2466
2467,이런거,2467
2468,좋,2468
2469,봐주시는,2469
2470,차례,2470
2471,위로,2471
2472,여드름,2472
2473,삼키,2473
2474,일지,2474
2475,잇몸,2475
2476,턱관절,2476
2477,링거,2477
2478,들면,2478
2479,극,2479
2480,들었어요,2480
2481,생기는,2481
2482,떠서,2482
2483,자면,2483
2484,비뇨기,2484
2485,된다는,2485
2486,강박,2486
2487,부부,2487
2488,변비,2488
2489,항문,2489
2490,아프진,2490
2491,써서,2491
2492,무서워요,2492
2493,이용,2493
2494,귓밥,2494
2495,발톱,2495
2496,제한,2496
2497,어려워서,2497
2498,집니다,2498
2499,초고,2499
2500,해주시나요,2500
2501,모르겠습니다,2501
2502,레바,2502
2503,정확하게,2503
2504,미국,2504
2505,식이,2505
2506,흉부,2506
2507,까진,2507
2508,발병,2508
2509,보시더니,2509
2510,피곤해서,2510
2511,모르겠지만,2511
2512,이런건,2512
2513,자는,2513
2514,입안,2514
2515,압박,2515
2516,추정,2516
2517,그러고,2517
2518,요원,2518
2519,모두,2519
2520,있구요,2520
2521,없었습니다,2521
2522,힘들어서요,2522
2523,아프게,2523
2524,않겠죠,2524
2525,금연,2525
2526,하게되,2526
2527,받거나,2527
2528,심할,2528
2529,가니,2529
2530,생길,2530
2531,머,2531
2532,왔는데요,2532
2533,만져,2533
2534,당일,2534
2535,전화해서,2535
2536,기내,2536
2537,병무청,2537
2538,봉지,2538
2539,변화,2539
2540,받는거,2540
2541,부모,2541
2542,나왔고,2542
2543,만성,2543
2544,혈소판,2544
2545,크기,2545
2546,투데이,2546
2547,남동생,2547
2548,허락,2548
2549,불안하고,2549
2550,논현동,2550
2551,확률,2551
2552,자궁,2552
2553,나머지,2553
2554,했,2554
2555,가능할,2555
2556,폐렴,2556
2557,조직검사,2557
2558,있으니,2558
2559,적혀,2559
2560,이내,2560
2561,필요한가요,2561
2562,케이스,2562
2563,오는,2563
2564,해본,2564
2565,불편하고,2565
2566,빼,2566
2567,약인,2567
2568,같은걸,2568
2569,차이점,2569
2570,없었거든요,2570
2571,있으시면,2571
2572,돌면서,2572
2573,중심,2573
2574,한동안,2574
2575,들은,2575
2576,미,2576
2577,늦게,2577
2578,어려울,2578
2579,받았을,2579
2580,점안액,2580
2581,메,2581
2582,쭉,2582
2583,야한다고,2583
2584,볼려고,2584
2585,인해서,2585
2586,없는거,2586
2587,작게,2587
2588,안산,2588
2589,있으신,2589
2590,하기가,2590
2591,보려는데,2591
2592,계시다면,2592
2593,유지,2593
2594,느껴져요,2594
2595,갈까,2595
2596,시선,2596
2597,좋아요,2597
2598,두세,2598
2599,끝나고,2599
2600,했다고,2600
2601,눈밑,2601
2602,논현역,2602
2603,특정,2603
2604,있더라고요,2604
2605,움,2605
2606,되나여,2606
2607,않아도,2607
2608,콘서타,2608
2609,비해,2609
2610,하던,2610
2611,안개,2611
2612,명의,2612
2613,들으면,2613
2614,실명,2614
2615,다녀와,2615
2616,한개,2616
2617,콜레스테롤,2617
2618,군,2618
2619,이러고,2619
2620,했으면,2620
2621,구체,2621
2622,행사,2622
2623,힘들다고,2623
2624,직,2624
2625,신뢰,2625
2626,평균,2626
2627,너무나,2627
2628,연관,2628
2629,먹는거,2629
2630,의미,2630
2631,재판,2631
2632,남겨,2632
2633,아버님,2633
2634,공간,2634
2635,과장,2635
2636,삼성,2636
2637,따가운데,2637
2638,멀어서요,2638
2639,드나,2639
2640,콧,2640
2641,농,2641
2642,배농,2642
2643,보령,2643
2644,십,2644
2645,하는것이,2645
2646,더욱,2646
2647,다니기,2647
2648,높게,2648
2649,된다는데,2649
2650,송도,2650
2651,진로,2651
2652,산,2652
2653,이었는데,2653
2654,본다고,2654
2655,부,2655
2656,예요,2656
2657,자율신경,2657
2658,엘,2658
2659,알아보았으면,2659
2660,가량,2660
2661,큐어,2661
2662,없거든요,2662
2663,가보려,2663
2664,지나서,2664
2665,발성,2665
2666,시행,2666
2667,느껴서,2667
2668,일산,2668
2669,원했습니다,2669
2670,변형,2670
2671,싶다고,2671
2672,주정,2672
2673,찍으면,2673
2674,많아,2674
2675,이어서,2675
2676,유도,2676
2677,치료받으려고,2677
2678,기관지,2678
2679,어른,2679
2680,몰래,2680
2681,첨,2681
2682,됐어요,2682
2683,야하는건,2683
2684,안면,2684
2685,오면,2685
2686,비타민,2686
2687,이왕,2687
2688,자다가,2688
2689,깨고,2689
2690,갓,2690
2691,황반변성,2691
2692,마약,2692
2693,발치,2693
2694,고지혈증,2694
2695,오전,2695
2696,욤,2696
2697,그대,2697
2698,로고,2698
2699,같고요,2699
2700,존재,2700
2701,해달라하면,2701
2702,되긴,2702
2703,그저께,2703
2704,있는것,2704
2705,해볼까,2705
2706,일간,2706
2707,아리,2707
2708,피졸정,2708
2709,해야하죠,2709
2710,하려는,2710
2711,진학,2711
2712,졸,2712
2713,치료받고,2713
2714,안된다,2714
2715,식후,2715
2716,먹지,2716
2717,고름,2717
2718,가벼운,2718
2719,유행,2719
2720,좀있고,2720
2721,불편해요,2721
2722,핵,2722
2723,차도,2723
2724,같지,2724
2725,다음주,2725
2726,베,2726
2727,테,2727
2728,풀,2728
2729,다닐,2729
2730,그날,2730
2731,이란,2731
2732,뭐라,2732
2733,느끼는,2733
2734,낫나요,2734
2735,두고,2735
2736,상대방,2736
2737,해보면,2737
2738,저리,2738
2739,어린,2739
2740,열공,2740
2741,탈,2741
2742,면역,2742
2743,먹었어요,2743
2744,기관지염,2744
2745,해열제,2745
2746,소용,2746
2747,해주는데,2747
2748,에어팟,2748
2749,증가,2749
2750,없다는,2750
2751,갔는데요,2751
2752,회피,2752
2753,생결,2753
2754,어려울까,2754
2755,답답하고,2755
2756,접종,2756
2757,마시면,2757
2758,만큼,2758
2759,상관없을까요,2759
2760,골다공증,2760
2761,통원,2761
2762,사회생활,2762
2763,하셔서요,2763
2764,분당,2764
2765,앞두고,2765
2766,할것,2766
2767,수면장애,2767
2768,그런게,2768
2769,취미,2769
2770,구매,2770
2771,알아보니까,2771
2772,하시네요,2772
2773,신체,2773
2774,장기간,2774
2775,받지,2775
2776,어지럼,2776
2777,빨간,2777
2778,목요일,2778
2779,받아야하나요,2779
2780,누런,2780
2781,걸리는,2781
2782,틴정,2782
2783,바꿔도,2783
2784,덩어리,2784
2785,하겠고,2785
2786,수급,2786
2787,식이장애,2787
2788,손목,2788
2789,찾아서,2789
2790,치료법,2790
2791,커서,2791
2792,충족,2792
2793,병역,2793
2794,손가락,2794
2795,였습니다,2795
2796,아프더라구요,2796
2797,물어보면,2797
2798,빼면,2798
2799,척,2799
2800,잇을까요,2800
2801,하여서,2801
2802,장애인,2802
2803,그러네요,2803
2804,하길래,2804
2805,편입,2805
2806,수험생,2806
2807,대서,2807
2808,계신,2808
2809,나올,2809
2810,산본,2810
2811,있을지,2811
2812,안구건조증,2812
2813,맞는거,2813
2814,따가워서,2814
2815,거려,2815
2816,주고,2816
2817,건조한,2817
2818,렉,2818
2819,멍,2819
2820,받으면서,2820
2821,아산,2821
2822,국가,2822
2823,사물,2823
2824,쳐,2824
2825,느끼고,2825
2826,낯선,2826
2827,떨리고,2827
2828,알기,2828
2829,같거든요,2829
2830,겨울,2830
2831,외관,2831
2832,지나야,2832
2833,시점,2833
2834,싶다,2834
2835,같더라고요,2835
2836,가볼려고,2836
2837,갔었는데,2837
2838,이지만,2838
2839,알수있나요,2839
2840,괜찮고,2840
2841,세척,2841
2842,백일해,2842
2843,콩팥,2843
2844,나온,2844
2845,침샘,2845
2846,안양고,2846
2847,안되나요,2847
2848,빠지고,2848
2849,놈,2849
2850,나빠진것,2850
2851,후각,2851
2852,가글,2852
2853,때매,2853
2854,생기나요,2854
2855,애매해서,2855
2856,않았습니다,2856
2857,돼서요,2857
2858,느껴져서,2858
2859,사서,2859
2860,짐,2860
2861,장비,2861
2862,날씨,2862
2863,같다,2863
2864,기미,2864
2865,따라서,2865
2866,싶을,2866
2867,극심한,2867
2868,갈비뼈,2868
2869,인정,2869
2870,스럽게,2870
2871,돌발,2871
2872,충치,2872
2873,생겼어요,2873
2874,사라지지,2874
2875,혈뇨,2875
2876,히,2876
2877,먼지,2877
2878,않나,2878
2879,강아지,2879
2880,불편함이,2880
2881,맞다면,2881
2882,악,2882
2883,잡는,2883
2884,걸린거,2884
2885,알아보려고,2885
2886,부탁드려도,2886
2887,애기,2887
2888,간단히,2888
2889,활동,2889
2890,이상하게,2890
2891,썼는데,2891
2892,급하게,2892
2893,오랫동안,2893
2894,해야하나,2894
2895,숨쉴,2895
2896,무리,2896
2897,가는지,2897
2898,연봉,2898
2899,먹으니까,2899
2900,불편함을,2900
2901,곤란,2901
2902,없을지,2902
2903,좋아,2903
2904,보여서요,2904
2905,주부,2905
2906,상관없이,2906
2907,하죠,2907
2908,사이트,2908
2909,억제,2909
2910,해소,2910
2911,아닌거,2911
2912,플루,2912
2913,월동,2913
2914,야할것,2914
2915,하고있는데,2915
2916,대인관계,2916
2917,있지,2917
2918,없더라고요,2918
2919,치가,2919
2920,료,2920
2921,주심,2921
2922,강서구,2922
2923,실수,2923
2924,해야하는,2924
2925,누군가,2925
2926,않아서요,2926
2927,있었으면,2927
2928,알아봐야,2928
2929,떠는,2929
2930,키,2930
2931,심한건,2931
2932,분노조절,2932
2933,이대,2933
2934,동행,2934
2935,표시,2935
2936,흐르는,2936
2937,아프지,2937
2938,전학,2938
2939,멍하고,2939
2940,떨어져,2940
2941,위기,2941
2942,옴겨,2942
2943,공복,2943
2944,되나,2944
2945,어차피,2945
2946,받는다고,2946
2947,미치겠어요,2947
2948,맞는데,2948
2949,나왔네요,2949
2950,천장,2950
2951,누우,2951
2952,트라린정,2952
2953,인격장애,2953
2954,봤더니,2954
2955,바깥쪽,2955
2956,코끝,2956
2957,안되면,2957
2958,절제,2958
2959,와요,2959
2960,좋아질,2960
2961,있게,2961
2962,아픈가요,2962
2963,뒷,2963
2964,삼키면,2964
2965,체크,2965
2966,빈혈,2966
2967,무지,2967
2968,웬만하면,2968
2969,하실,2969
2970,헤드셋,2970
2971,간호조무사,2971
2972,나면,2972
2973,마산,2973
2974,자동차,2974
2975,취소,2975
2976,클리어,2976
2977,다닌지,2977
2978,양약,2978
2979,자꾸만,2979
2980,간질간질,2980
2981,할게,2981
2982,피부염,2982
2983,외모,2983
2984,찌,2984
2985,싸우고,2985
2986,지만,2986
2987,학과,2987
2988,마찬가지,2988
2989,어찌,2989
2990,귀걸이,2990
2991,조증,2991
2992,마비,2992
2993,두근거리고,2993
2994,병결,2994
2995,누,2995
2996,줄줄,2996
2997,유두,2997
2998,함몰,2998
2999,손상,2999
3000,주치의,3000
3001,그로,3001
3002,해석,3002
3003,먼,3003
3004,순환,3004
3005,좋으면,3005
3006,외이도,3006
3007,터,3007
3008,산동,3008
3009,받은건,3009
3010,액,3010
3011,받았지만,3011
3012,됐는데요,3012
3013,부근,3013
3014,이동,3014
3015,시설,3015
3016,해가지고,3016
3017,담당,3017
3018,일어날,3018
3019,심해져,3019
3020,이빈,3020
3021,사고,3021
3022,빌리,3022
3023,파이,3023
3024,센,3024
3025,에게도,3025
3026,되죠,3026
3027,찾아보니깐,3027
3028,모르는데,3028
3029,그래서요,3029
3030,없었어요,3030
3031,온거,3031
3032,의욕,3032
3033,받았으나,3033
3034,허벅지,3034
3035,수입,3035
3036,갑니다,3036
3037,용기,3037
3038,푸,3038
3039,똑같은,3039
3040,덩이,3040
3041,헤드폰,3041
3042,무섭네요,3042
3043,마리,3043
3044,잡아,3044
3045,계실까,3045
3046,을해,3046
3047,없어지고,3047
3048,피곤한,3048
3049,친한,3049
3050,놔두면,3050
3051,만이,3051
3052,화제,3052
3053,되진,3053
3054,사랑니,3054
3055,타고,3055
3056,나가는,3056
3057,야할,3057
3058,풀리거나,3058
3059,단순한,3059
3060,가능하나요,3060
3061,유방,3061
3062,깊게,3062
3063,씨,3063
3064,같았어요,3064
3065,가는것도,3065
3066,택시,3066
3067,타서,3067
3068,손등,3068
3069,대상,3069
3070,쉬는,3070
3071,먹으려고,3071
3072,성대,3072
3073,하필,3073
3074,모를,3074
3075,피곤하면,3075
3076,소화도,3076
3077,대상자,3077
3078,항히스타민제,3078
3079,간격,3079
3080,가리고,3080
3081,나타나서,3081
3082,다녀온,3082
3083,흐리게,3083
3084,변,3084
3085,촌,3085
3086,안좋고,3086
3087,생깁니다,3087
3088,이비,3088
3089,괜찮게,3089
3090,높다고,3090
3091,먹으라고,3091
3092,임플란트,3092
3093,짧게,3093
3094,알아서,3094
3095,기계로,3095
3096,불안할,3096
3097,버텨,3097
3098,가다가,3098
3099,누워,3099
3100,더라구요,3100
3101,할머니,3101
3102,마일,3102
3103,어떤게,3103
3104,역류,3104
3105,남는다고,3105
3106,알고있는데,3106
3107,딸아이,3107
3108,자도,3108
3109,어지러워서,3109
3110,불편한,3110
3111,권,3111
3112,박리,3112
3113,모르겠더라구요,3113
3114,살았는데,3114
3115,보시나요,3115
3116,지난번,3116
3117,유발,3117
3118,다녀왔는데요,3118
3119,모른다고,3119
3120,아파트,3120
3121,진지하게,3121
3122,상의,3122
3123,전보,3123
3124,살아서,3124
3125,다녀야,3125
3126,올라서,3126
3127,두통약,3127
3128,정신과상담,3128
3129,먹었는데요,3129
3130,도로,3130
3131,도파민,3131
3132,파업,3132
3133,성향,3133
3134,병자,3134
3135,없다면,3135
3136,되는데요,3136
3137,이든,3137
3138,애초,3138
3139,확실한,3139
3140,기복,3140
3141,전역,3141
3142,분노,3142
3143,항진,3143
3144,여쭈어,3144
3145,꼼꼼하게,3145
3146,캐나다,3146
3147,동이,3147
3148,학교폭력,3148
3149,채,3149
3150,인생,3150
3151,나가고,3151
3152,모습,3152
3153,저런,3153
3154,주안,3154
3155,귓속,3155
3156,아프기,3156
3157,몰라서요,3157
3158,보내고,3158
3159,비대,3159
3160,장소,3160
3161,끊으면,3161
3162,있으니까,3162
3163,규모,3163
3164,외부,3164
3165,요구,3165
3166,받을려고,3166
3167,간지러운데,3167
3168,가진,3168
3169,아픔,3169
3170,외로움,3170
3171,느껴지는데,3171
3172,이빨,3172
3173,넣어도,3173
3174,촉진,3174
3175,확신,3175
3176,림프종,3176
3177,서면,3177
3178,면담,3178
3179,죽겠어요,3179
3180,파주,3180
3181,잦은,3181
3182,론정,3182
3183,해준,3183
3184,먹게,3184
3185,당해서,3185
3186,기초,3186
3187,않게,3187
3188,카페,3188
3189,조퇴,3189
3190,마냥,3190
3191,연속,3191
3192,예상,3192
3193,삽입,3193
3194,병변,3194
3195,관찰,3195
3196,붉은,3196
3197,거부,3197
3198,된다네요,3198
3199,진주,3199
3200,식사,3200
3201,무용,3201
3202,다녔던,3202
3203,세대,3203
3204,벌릴,3204
3205,인하여,3205
3206,드리고,3206
3207,점심시간,3207
3208,걸리고,3208
3209,전신,3209
3210,두렵고,3210
3211,체력,3211
3212,먹어요,3212
3213,엑스,3213
3214,물어보고,3214
3215,귀마개,3215
3216,자폐,3216
3217,될거,3217
3218,타오,3218
3219,생길까,3219
3220,올라와서,3220
3221,수성구,3221
3222,가시는,3222
3223,본적,3223
3224,무시,3224
3225,번가,3225
3226,보류,3226
3227,깰,3227
3228,암튼,3228
3229,멘탈,3229
3230,않더라고요,3230
3231,서초구,3231
3232,커피,3232
3233,방울,3233
3234,사람과,3234
3235,복지사,3235
3236,새로운,3236
3237,인지도,3237
3238,가능하면,3238
3239,마치,3239
3240,다기,3240
3241,한방신,3241
3242,성모,3242
3243,하는것도,3243
3244,혼란,3244
3245,제로,3245
3246,움직,3246
3247,이지,3247
3248,텀,3248
3249,창문,3249
3250,아니에요,3250
3251,맞는걸,3251
3252,낫는,3252
3253,주는,3253
3254,핸드폰,3254
3255,마스크,3255
3256,아니고요,3256
3257,뿌옇고,3257
3258,휴가,3258
3259,칠,3259
3260,나빠지는,3260
3261,교육,3261
3262,맞춰야,3262
3263,사무실,3263
3264,교체,3264
3265,그리,3265
3266,땀,3266
3267,옮기려고,3267
3268,대고,3268
3269,중요,3269
3270,있으며,3270
3271,코끼리,3271
3272,믿을,3272
3273,쉴,3273
3274,약속,3274
3275,이상없다,3275
3276,같긴,3276
3277,종,3277
3278,내야,3278
3279,코딱지,3279
3280,간지럽습니다,3280
3281,하기에는,3281
3282,나와,3282
3283,꺼,3283
3284,미치겠네요,3284
3285,멈추지,3285
3286,못자요,3286
3287,헌혈,3287
3288,받을수있을까요,3288
3289,구축,3289
3290,편의점,3290
3291,연휴,3291
3292,일부,3292
3293,누르고,3293
3294,냅,3294
3295,받는건,3295
3296,답답해요,3296
3297,뷸,3297
3298,아니죠,3298
3299,알아보는데,3299
3300,찾아가,3300
3301,않았어요,3301
3302,부축,3302
3303,자퇴,3303
3304,받아야하는데,3304
3305,잇나요,3305
3306,씁니다,3306
3307,야하나요,3307
3308,월전,3308
3309,뚜,3309
3310,두두,3310
3311,이기,3311
3312,들었고요,3312
3313,기타,3313
3314,만에,3314
3315,미열,3315
3316,구역,3316
3317,정리,3317
3318,드리면,3318
3319,얼른,3319
3320,대입,3320
3321,맞은,3321
3322,백혈구,3322
3323,섞여서,3323
3324,쓰리고,3324
3325,감소,3325
3326,보이네요,3326
3327,괜찮아졌는데,3327
3328,미만,3328
3329,다운,3329
3330,위쪽,3330
3331,실려,3331
3332,겉,3332
3333,하겠습니다,3333
3334,없던데,3334
3335,먹었던,3335
3336,번지,3336
3337,잔기침,3337
3338,화요일,3338
3339,소집,3339
3340,몰랐는데,3340
3341,쓰려서,3341
3342,긴한데,3342
3343,고양이,3343
3344,증인,3344
3345,이신,3345
3346,상세,3346
3347,길,3347
3348,괜찮아져요,3348
3349,어렵고,3349
3350,부평,3350
3351,외래,3351
3352,정돈,3352
3353,놔,3353
3354,제작,3354
3355,움직일,3355
3356,게임,3356
3357,극단,3357
3358,높아서,3358
3359,하세요,3359
3360,세포,3360
3361,뇌파,3361
3362,시경,3362
3363,외국,3363
3364,주차,3364
3365,망상,3365
3366,빠지는,3366
3367,알려주실,3367
3368,모시,3368
3369,부비동,3369
3370,가까운데,3370
3371,않다고,3371
3372,상병,3372
3373,비강,3373
3374,해볼,3374
3375,그래,3375
3376,살살,3376
3377,근육,3377
3378,받으려,3378
3379,경찰,3379
3380,증명서,3380
3381,해봐도,3381
3382,미칠것,3382
3383,가려운,3383
3384,각질,3384
3385,퇴사,3385
3386,있는데도,3386
3387,슬슬,3387
3388,하시면,3388
3389,아시나요,3389
3390,뒤쪽,3390
3391,턱턱,3391
3392,막히는,3392
3393,벌리고,3393
3394,아프네요,3394
3395,맥주,3395
3396,졋,3396
3397,여름,3397
3398,축구,3398
3399,빙글,3399
3400,와는,3400
3401,지내고,3401
3402,나니,3402
3403,모니터,3403
3404,어떨까,3404
3405,보호,3405
3406,라섹수술,3406
3407,불가능한가요,3407
3408,애인,3408
3409,펑펑,3409
3410,가니까,3410
3411,해보라고,3411
3412,하고싶어요,3412
3413,워낙,3413
3414,읽어,3414
3415,갇,3415
3416,극도,3416
3417,기를,3417
3418,출신,3418
3419,저가,3419
3420,들리기,3420
3421,무거운,3421
3422,베스트,3422
3423,동일,3423
3424,부상,3424
3425,상가,3425
3426,기전,3426
3427,유독,3427
3428,이러다,3428
3429,부쩍,3429
3430,쓰이고,3430
3431,가보긴,3431
3432,할건데,3432
3433,조현증,3433
3434,집게,3434
3435,봤어요,3435
3436,반년,3436
3437,봐서요,3437
3438,알아보는게,3438
3439,심해지더라고요,3439
3440,파도,3440
3441,나면서,3441
3442,청각,3442
3443,물어봤는데,3443
3444,어머님,3444
3445,같은거도,3445
3446,안되요,3446
3447,여자친구,3447
3448,사라지는,3448
3449,같긴한데,3449
3450,크,3450
3451,솔론,3451
3452,학기,3452
3453,있었는데요,3453
3454,당하고,3454
3455,낀듯,3455
3456,버텼는데,3456
3457,몽골,3457
3458,좋고요,3458
3459,혈당,3459
3460,나오네요,3460
3461,제약,3461
3462,됐지만,3462
3463,적응,3463
3464,소린,3464
3465,이세,3465
3466,들어가고,3466
3467,현탁액,3467
3468,일수,3468
3469,밀리,3469
3470,있던데요,3470
3471,헛기침,3471
3472,오기,3472
3473,하시는게,3473
3474,따끔,3474
3475,했고요,3475
3476,짜증,3476
3477,든다고,3477
3478,많다,3478
3479,와도,3479
3480,아픈건,3480
3481,보건소,3481
3482,어떨지,3482
3483,기립,3483
3484,많네요,3484
3485,버릴까,3485
3486,양형,3486
3487,버튼,3487
3488,관해,3488
3489,원안,3489
3490,어떤지,3490
3491,취득,3491
3492,메이,3492
3493,액트정,3493
3494,루,3494
3495,리드,3495
3496,채용,3496
3497,과만,3497
3498,남학생,3498
3499,울었어요,3499
3500,칼,3500
3501,좋죠,3501
3502,담임,3502
3503,록스,3503
3504,펜,3504
3505,육안,3505
3506,연두색,3506
3507,일자리,3507
3508,간호,3508
3509,발령,3509
3510,어렵나요,3510
3511,까,3511
3512,였구요,3512
3513,해줘서,3513
3514,뺐는데,3514
3515,사과,3515
3516,생겼습니다,3516
3517,같구요,3517
3518,치료받는게,3518
3519,이정,3519
3520,되는걸,3520
3521,듀오,3521
3522,스토,3522
3523,알마,3523
3524,필요할,3524
3525,길어서,3525
3526,우측,3526
3527,받음,3527
3528,동탄,3528
3529,힘들것,3529
3530,잠원동,3530
3531,순환기,3531
3532,편이긴,3532
3533,하였고,3533
3534,면접,3534
3535,놔주는,3535
3536,됐고,3536
3537,나아졌는데,3537
3538,주시나요,3538
3539,핑,3539
3540,돌고,3540
3541,자라,3541
3542,사분,3542
3543,싫다고,3543
3544,했는데도,3544
3545,화질,3545
3546,무척,3546
3547,갈려는데,3547
3548,끝나서,3548
3549,에이,3549
3550,나오더라구요,3550
3551,말레이시아,3551
3552,휴,3552
3553,드,3553
3554,나잘,3554
3555,천,3555
3556,마케팅,3556
3557,다녀서,3557
3558,비싼가요,3558
3559,되니,3559
3560,적혀있어요,3560
3561,이상해서,3561
3562,문자,3562
3563,하려구요,3563
3564,졸리,3564
3565,나아지질,3565
3566,하시고요,3566
3567,임의,3567
3568,양압기,3568
3569,벗고,3569
3570,많더라구요,3570
3571,고여,3571
3572,가는건,3572
3573,눈동자,3573
3574,힘들어하고,3574
3575,필요할까,3575
3576,걸려,3576
3577,대신,3577
3578,팍,3578
3579,설거지,3579
3580,지쳐,3580
3581,늦기전에,3581
3582,명칭,3582
3583,우,3583
3584,로나,3584
3585,사라지고,3585
3586,뿐입니다,3586
3587,하는데도,3587
3588,몰라도,3588
3589,훌쩍,3589
3590,귓볼,3590
3591,록,3591
3592,해준다고,3592
3593,했던거,3593
3594,아프면,3594
3595,다이크,3595
3596,메네스,3596
3597,슈다페드정,3597
3598,사마귀,3598
3599,귓바퀴,3599
3600,빨간데,3600
3601,멀,3601
3602,필요해서,3602
3603,풀릴,3603
3604,남게,3604
3605,아프면서,3605
3606,부었는데,3606
3607,횟수,3607
3608,일까봐,3608
3609,맞았는데,3609
3610,감사할,3610
3611,받은게,3611
3612,평일,3612
3613,가보면,3613
3614,좋아져서,3614
3615,난다고,3615
3616,걸리는데,3616
3617,신당역,3617
3618,상관없나요,3618
3619,좋았는데,3619
3620,왕복,3620
3621,소요,3621
3622,줄이는,3622
3623,들어간,3623
3624,강제,3624
3625,흡연,3625
3626,으로라도,3626
3627,알고싶어요,3627
3628,수년,3628
3629,간암,3629
3630,부탁드리겠습니다,3630
3631,단위,3631
3632,빼고는,3632
3633,검은,3633
3634,누구,3634
3635,은은하게,3635
3636,드라이,3636
3637,좋아하는,3637
3638,증거,3638
3639,월말,3639
3640,됐고요,3640
3641,옮을까봐,3641
3642,기일,3642
3643,식도암,3643
3644,꽃가루,3644
3645,항원,3645
3646,소송,3646
3647,원시,3647
3648,유튜브,3648
3649,페니,3649
3650,민정,3650
3651,나제,3651
3652,조만간,3652
3653,되어있는,3653
3654,손보,3654
3655,있더군요,3655
3656,그런것,3656
3657,서요,3657
3658,물체,3658
3659,보이는게,3659
3660,장해,3660
3661,물때,3661
3662,랄,3662
3663,뚝,3663
3664,미친,3664
3665,가을,3665
3666,파악,3666
3667,치고,3667
3668,예비,3668
3669,인증,3669
3670,항불안제,3670
3671,나아져서,3671
3672,앉아,3672
3673,숨도,3673
3674,고하,3674
3675,컬러,3675
3676,한다던데,3676
3677,냐,3677
3678,이던,3678
3679,떨어졌습니다,3679
3680,박약,3680
3681,그러면서,3681
3682,바닥,3682
3683,처,3683
3684,차마,3684
3685,없는걸,3685
3686,보일,3686
3687,괜찮아지던데,3687
3688,테스트,3688
3689,받는걸,3689
3690,말씀드렸더니,3690
3691,맞춤,3691
3692,나쁜,3692
3693,해준다면,3693
3694,없이는,3694
3695,아티,3695
3696,핀정,3696
3697,있을것,3697
3698,기형,3698
3699,대처,3699
3700,축,3700
3701,야하잖아요,3701
3702,나와야,3702
3703,어서,3703
3704,먹이,3704
3705,주의,3705
3706,구강암,3706
3707,간지,3707
3708,가려움,3708
3709,듣고싶습니다,3709
3710,이상태,3710
3711,휴식,3711
3712,문항,3712
3713,널,3713
3714,어지러운,3714
3715,좌,3715
3716,돌아가는,3716
3717,대학생,3717
3718,평범한,3718
3719,문득,3719
3720,드는,3720
3721,들지,3721
3722,먹었지만,3722
3723,나는게,3723
3724,아니거든요,3724
3725,이러다가,3725
3726,좋겠죠,3726
3727,미쳐,3727
3728,정신분열증,3728
3729,아프다,3729
3730,생리통,3730
3731,하시나요,3731
3732,만나서,3732
3733,해보려,3733
3734,아토피,3734
3735,할수도,3735
3736,항체,3736
3737,아니었는데,3737
3738,치료받아,3738
3739,눈꺼풀,3739
3740,뜨는데,3740
3741,필터,3741
3742,깜빡,3742
3743,음주,3743
3744,어쩌다,3744
3745,이외,3745
3746,상비약,3746
3747,참,3747
3748,파주나요,3748
3749,왼,3749
3750,같지도,3750
3751,싶다는,3751
3752,으로가,3752
3753,좋겠지만,3753
3754,최대,3754
3755,낫질,3755
3756,되었고,3756
3757,죽고싶다는,3757
3758,넘었는데,3758
3759,명상,3759
3760,죄송합니다,3760
3761,비는,3761
3762,먹고있었습니다,3762
3763,진전,3763
3764,자기전,3764
3765,주지,3765
3766,의문,3766
3767,좀더,3767
3768,있도록,3768
3769,피나,3769
3770,물어보니,3770
3771,잇어요,3771
3772,분명히,3772
3773,갈건데,3773
3774,힘들었는데,3774
3775,우울해서,3775
3776,턱밑,3776
3777,어려움,3777
3778,힘들다,3778
3779,아래쪽,3779
3780,차서,3780
3781,않구요,3781
3782,하기로,3782
3783,줄까,3783
3784,능력,3784
3785,둔,3785
3786,떼주나요,3786
3787,해보고싶은데,3787
3788,좁아진,3788
3789,할수가,3789
3790,화장,3790
3791,품절,3791
3792,다행히,3792
3793,많은가요,3793
3794,운전자,3794
3795,억,3795
3796,설계,3796
3797,약관,3797
3798,폼,3798
3799,심했고,3799
3800,하지도,3800
3801,그러는,3801
3802,지났습니다,3802
3803,넘어지고,3803
3804,찢어지고,3804
3805,글씨,3805
3806,작용,3806
3807,깨,3807
3808,피해망상,3808
3809,뒷담화,3809
3810,물건,3810
3811,깊은,3811
3812,옵니다,3812
3813,일반인,3813
3814,춘천,3814
3815,않았고,3815
3816,왕건,3816
3817,역대,3817
3818,직원,3818
3819,좋구요,3819
3820,형사,3820
3821,하구요,3821
3822,아무렇지,3822
3823,싶지는,3823
3824,리도,3824
3825,보험사,3825
3826,지식,3826
3827,심정,3827
3828,차가,3828
3829,병력,3829
3830,종교,3830
3831,계십니다,3831
3832,갈등,3832
3833,배탈,3833
3834,혈변,3834
3835,절개,3835
3836,많던데,3836
3837,친정,3837
3838,그렇지,3838
3839,타이레놀,3839
3840,리,3840
3841,아픈게,3841
3842,대하,3842
3843,던지,3843
3844,집착,3844
3845,그러,3845
3846,합격,3846
3847,느끼,3847
3848,모르게,3848
3849,하였는데,3849
3850,헷갈려서요,3850
3851,챙겨,3851
3852,풀리고,3852
3853,무언,3853
3854,시일,3854
3855,쓰면,3855
3856,우울해,3856
3857,마르고,3857
3858,레시,3858
3859,비춰,3859
3860,자기전에,3860
3861,자는데,3861
3862,퀴어,3862
3863,주제,3863
3864,해치,3864
3865,심각,3865
3866,에나,3866
3867,막힘과,3867
3868,급여,3868
3869,먹으려,3869
3870,싸울,3870
3871,별개,3871
3872,비자,3872
3873,불안해,3873
3874,강요,3874
3875,무섭습니다,3875
3876,빠져서,3876
3877,신혼,3877
3878,도해,3878
3879,빼야,3879
3880,나올거,3880
3881,남겨요,3881
3882,불편합니다,3882
3883,방향,3883
3884,따가워요,3884
3885,성대결절,3885
3886,찾는,3886
3887,친절한,3887
3888,범위,3888
3889,답장,3889
3890,낮고,3890
3891,아니냐고,3891
3892,고르,3892
3893,했는지,3893
3894,싸,3894
3895,가봐야겠죠,3895
3896,왔나,3896
3897,트리,3897
3898,때리고,3898
3899,이럴까,3899
3900,말씀드려,3900
3901,이요,3901
3902,분비,3902
3903,질,3903
3904,횡설수설,3904
3905,잘안,3905
3906,흘리고,3906
3907,만날,3907
3908,안될것,3908
3909,하고있습니다,3909
3910,그저,3910
3911,못잘,3911
3912,없구요,3912
3913,갔던건,3913
3914,되었어요,3914
3915,어린이병원,3915
3916,지나고,3916
3917,재학,3917
3918,수분,3918
3919,부족한,3919
3920,쉬기,3920
3921,였고,3921
3922,해줬는데,3922
3923,심각하지,3923
3924,누워있으면,3924
3925,쿵쿵,3925
3926,서랑,3926
3927,해진,3927
3928,오른,3928
3929,지지,3929
3930,월초,3930
3931,과식,3931
3932,나타납니다,3932
3933,있을까,3933
3934,방귀,3934
3935,답답합니다,3935
3936,힘들게,3936
3937,아프,3937
3938,친절하고,3938
3939,오래전,3939
3940,준다고,3940
3941,반포,3941
3942,쌓여서,3942
3943,기사,3943
3944,할수있는,3944
3945,보임,3945
3946,계열,3946
3947,절차,3947
3948,써있습니다,3948
3949,옆구리,3949
3950,아니겠죠,3950
3951,아닌것,3951
3952,뜨는,3952
3953,봉,3953
3954,하기는,3954
3955,설득,3955
3956,도하,3956
3957,져,3957
3958,보이긴,3958
3959,지경,3959
3960,차병원,3960
3961,탈임,3961
3962,따,3962
3963,달동,3963
3964,야할거,3964
3965,계,3965
3966,뛰는,3966
3967,넣었는데,3967
3968,가까운게,3968
3969,들린다고,3969
3970,안경원,3970
3971,생긴거,3971
3972,갈려면,3972
3973,조종,3973
3974,장학생,3974
3975,지급,3975
3976,무겁고,3976
3977,지르고,3977
3978,상도,3978
3979,따고,3979
3980,인간,3980
3981,가서도,3981
3982,인사,3982
3983,업체,3983
3984,기회,3984
3985,쉰,3985
3986,갈만,3986
3987,송파구,3987
3988,빙글빙글,3988
3989,두렵습니다,3989
3990,쪼이고,3990
3991,빨,3991
3992,있단,3992
3993,추위,3993
3994,더위,3994
3995,일터,3995
3996,상실,3996
3997,되냐고,3997
3998,입냄새,3998
3999,낮은,3999
4000,없어져요,4000
4001,성남,4001
4002,다쳤는데,4002
4003,터미널,4003
4004,모르고,4004
4005,울면,4005
4006,부었어요,4006
4007,편도선염,4007
4008,무서워,4008
4009,공황발작,4009
4010,으로부터,4010
4011,으,4011
4012,했었거든요,4012
4013,그땐,4013
4014,수포,4014
4015,두면,4015
4016,심해서요,4016
4017,이야,4017
4018,욱,4018
4019,클래,4019
4020,신정,4020
4021,변경,4021
4022,먹는것도,4022
4023,동원,4023
4024,치는,4024
4025,면서,4025
4026,안나는데,4026
4027,없어질,4027
4028,생겨요,4028
4029,이불,4029
4030,벌레,4030
4031,되는게,4031
4032,주가,4032
4033,가겠어요,4033
4034,다녔어요,4034
4035,판콜,4035
4036,나나,4036
4037,보자고,4037
4038,쌓인,4038
4039,했구요,4039
4040,서서,4040
4041,그러지,4041
4042,살아요,4042
4043,책상,4043
4044,안되는거,4044
4045,힘들까,4045
4046,바르고,4046
4047,꾹,4047
4048,계신가요,4048
4049,사례,4049
4050,자료,4050
4051,같,4051
4052,안좋게,4052
4053,부었고,4053
4054,독서실,4054
4055,시럽,4055
4056,입대,4056
4057,불안해서요,4057
4058,주마,4058
4059,매주,4059
4060,평가,4060
4061,먹었더니,4061
4062,하고도,4062
4063,심전도,4063
4064,있잖아요,4064
4065,펜정,4065
4066,시골,4066
4067,일어났더니,4067
4068,가보려고하는데,4068
4069,파기,4069
4070,분만,4070
4071,자신감,4071
4072,되는거면,4072
4073,야해서,4073
4074,증상만,4074
4075,긍정,4075
4076,어려워요,4076
4077,에게는,4077
4078,거절,4078
4079,쓰던,4079
4080,심하다고,4080
4081,시흥,4081
4082,올라오고,4082
4083,박고,4083
4084,자려고,4084
4085,맞는건,4085
4086,전이,4086
4087,다르지,4087
4088,색,4088
4089,치과의사,4089
4090,나기,4090
4091,가볼,4091
4092,숨쉬는게,4092
4093,차고,4093
4094,구입,4094
4095,공무원,4095
4096,브랜드,4096
4097,리나,4097
4098,양산,4098
4099,두께,4099
4100,파스,4100
4101,가려면,4101
4102,휴무,4102
4103,공단,4103
4104,그렇다면,4104
4105,결절,4105
4106,그다지,4106
4107,없는것,4107
4108,표,4108
4109,반장,4109
4110,거진,4110
4111,받습니다,4111
4112,조용한,4112
4113,아마,4113
4114,하시는지,4114
4115,우울한,4115
4116,폭발,4116
4117,또렷하게,4117
4118,통보,4118
4119,불법,4119
4120,말씀드리고,4120
4121,심각하게,4121
4122,보려고요,4122
4123,편한,4123
4124,콧볼,4124
4125,벌렁,4125
4126,없네요,4126
4127,아신다면,4127
4128,골드,4128
4129,먹고싶어서요,4129
4130,홈페이지,4130
4131,받긴,4131
4132,묵직하게,4132
4133,하는거에요,4133
4134,부정맥,4134
4135,하려고하는데,4135
4136,있어야하나요,4136
4137,장이,4137
4138,들어가나요,4138
4139,알겠는데,4139
4140,검안,4140
4141,러시,4141
4142,조회,4142
4143,피곤하고,4143
4144,발,4144
4145,필수,4145
4146,가보니,4146
4147,충분히,4147
4148,부어있다고,4148
4149,버렸어요,4149
4150,허기,4150
4151,테아닌,4151
4152,가야되,4152
4153,단서,4153
4154,쓰는데,4154
4155,투,4155
4156,파고,4156
4157,먹었었는데,4157
4158,꼼꼼히,4158
4159,다녀와서,4159
4160,병인,4160
4161,받았었던,4161
4162,균형감각,4162
4163,메니,4163
4164,에르,4164
4165,시론,4165
4166,개정,4166
4167,나오더라고요,4167
4168,심함,4168
4169,괜찮아지나요,4169
4170,등급,4170
4171,남동구,4171
4172,멈춰요,4172
4173,프리미엄,4173
4174,보건복지부,4174
4175,없더라구요,4175
4176,나아지는,4176
4177,되도록,4177
4178,발진,4178
4179,다녔고,4179
4180,간지러워요,4180
4181,육아,4181
4182,지후,4182
4183,류마,4183
4184,깊이,4184
4185,젖은,4185
4186,음악,4186
4187,직전,4187
4188,좋아도,4188
4189,여태,4189
4190,응급,4190
4191,심해지면,4191
4192,공포증,4192
4193,느껴지고,4193
4194,링겔,4194
4195,이었습니다,4195
4196,미래,4196
4197,있긴한데,4197
4198,채혈,4198
4199,나아지고,4199
4200,하진,4200
4201,알려주나요,4201
4202,공휴일,4202
4203,젖는,4203
4204,어쩌지,4204
4205,체트,4205
4206,재검사,4206
4207,걔네,4207
4208,했으나,4208
4209,서구,4209
4210,선수,4210
4211,오게,4211
4212,할아버지,4212
4213,볼수있나요,4213
4214,되었는데요,4214
4215,같진,4215
4216,떼고,4216
4217,으론,4217
4218,나네요,4218
4219,우연히,4219
4220,좌측,4220
4221,드리니,4221
4222,나긴,4222
4223,염도,4223
4224,쇠,4224
4225,기둥,4225
4226,자지,4226
4227,증빙,4227
4228,했었던,4228
4229,셋,4229
4230,참다,4230
4231,참다가,4231
4232,하겠어서,4232
4233,없,4233
4234,관악구,4234
4235,눈알,4235
4236,그런데도,4236
4237,강도,4237
4238,퇴근,4238
4239,쉬고싶은,4239
4240,같다가,4240
4241,고칠,4241
4242,에다가,4242
4243,뻐근하고,4243
4244,좋아지지,4244
4245,뿌리는거,4245
4246,주셔서,4246
4247,똑같아요,4247
4248,모르겟어요,4248
4249,해봤더니,4249
4250,뺏는데,4250
4251,먹을수,4251
4252,춥고,4252
4253,보았습니다,4253
4254,거제,4254
4255,똑같고,4255
4256,라든가,4256
4257,그러나요,4257
4258,귀찮,4258
4259,깨졌는데,4259
4260,말았습니다,4260
4261,나아지,4261
4262,불러서,4262
4263,코속,4263
4264,내부,4264
4265,엄청나게,4265
4266,야하는거,4266
4267,소프트,4267
4268,싫어해서,4268
4269,가능동,4269
4270,니메겐,4270
4271,한적,4271
4272,않더라구요,4272
4273,지축역,4273
4274,했었을,4274
4275,해쳐야,4275
4276,빼기,4276
4277,토론,4277
4278,세파,4278
4279,소론,4279
4280,도정,4280
4281,낸,4281
4282,비급,4282
4283,안되니,4283
4284,여기저기,4284
4285,뱉으면,4285
4286,끈,4286
4287,전인,4287
4288,뱉어지지도,4288
4289,예민,4289
4290,에피소드,4290
4291,하시진,4291
4292,어지러워요,4292
4293,바뀌거나,4293
4294,엇,4294
4295,어지러운데,4295
4296,잡기,4296
4297,의과대학,4297
4298,의도,4298
4299,반의,4299
4300,아니지,4300
4301,좋다,4301
4302,많던데요,4302
4303,럼,4303
4304,연장,4304
4305,다니,4305
4306,평범하게,4306
4307,탔는데,4307
4308,해상,4308
4309,불가능한,4309
4310,넘어서,4310
4311,말겠지,4311
4312,죽고싶단,4312
4313,예민해져서,4313
4314,터치,4314
4315,만해,4315
4316,늘었어요,4316
4317,받고싶어요,4317
4318,싶진,4318
4319,신생,4319
4320,해보는게,4320
4321,낫겠죠,4321
4322,넣을,4322
4323,구역질,4323
4324,하신다고,4324
4325,하려니까,4325
4326,부담스럽,4326
4327,최,4327
4328,벌려서,4328
4329,들었어서,4329
4330,배치,4330
4331,알아봐,4331
4332,편이었는데,4332
4333,하더라도,4333
4334,그닥,4334
4335,꽂히면,4335
4336,걸릴것,4336
4337,얼음,4337
4338,숨소리,4338
4339,어떤거,4339
4340,터진,4340
4341,떨고,4341
4342,올라가고,4342
4343,토대,4343
4344,전달,4344
4345,볼수있는,4345
4346,골반,4346
4347,사타구니,4347
4348,간혹,4348
4349,꼬르륵,4349
4350,쑤시는,4350
4351,만졌더니,4351
4352,막혀있고,4352
4353,나아,4353
4354,안하나요,4354
4355,간지러,4355
4356,발기,4356
4357,요리,4357
4358,기름,4358
4359,판,4359
4360,공부량,4360
4361,많나요,4361
4362,이민,4362
4363,있었던,4363
4364,숙제,4364
4365,거가,4365
4366,않을까,4366
4367,없어질까,4367
4368,정신장애,4368
4369,짓,4369
4370,괴롭힘,4370
4371,스트렙실,4371
4372,괜,4372
4373,걸러,4373
4374,중성,4374
4375,시내,4375
4376,하다면,4376
4377,나는데요,4377
4378,교통,4378
4379,미안한말인데,4379
4380,보탰어,4380
4381,의전,4381
4382,쓰여있고요,4382
4383,저기,4383
4384,죄송한데,4384
4385,그딴,4385
4386,치료받으려다,4386
4387,얻고가네,4387
4388,잖아요,4388
4389,쓰이네요,4389
4390,도대체,4390
4391,앉아있으면,4391
4392,이비후,4392
4393,문병원,4393
4394,경계,4394
4395,괜찮을까,4395
4396,하이,4396
4397,믿음,4397
4398,늑연골,4398
4399,내는,4399
4400,심했는데,4400
4401,해서라도,4401
4402,드는지도,4402
4403,뿌리는게,4403
4404,아팠는데,4404
4405,안은,4405
4406,다만,4406
4407,땡기는,4407
4408,정면,4408
4409,바라볼,4409
4410,막힙니다,4410
4411,심하면,4411
4412,같기는,4412
4413,세균,4413
4414,정계,4414
4415,정맥,4415
4416,류,4416
4417,알고는,4417
4418,저혈압,4418
4419,예정일,4419
4420,팔로,4420
4421,스포,4421
4422,남아있습니다,4422
4423,마무리,4423
4424,끝내,4424
4425,먹는거는,4425
4426,없을까,4426
4427,간부,4427
4428,성추행,4428
4429,고소,4429
4430,사건,4430
4431,벌어지고,4431
4432,똑같은지,4432
4433,잔데,4433
4434,해드리려고,4434
4435,막막하게,4435
4436,편하게,4436
4437,오산,4437
4438,하나로,4438
4439,게시,4439
4440,수시,4440
4441,적성검사,4441
4442,허가,4442
4443,주변인,4443
4444,알리,4444
4445,동기,4445
4446,대면,4446
4447,들어서는,4447
4448,는데요,4448
4449,받고있어요,4449
4450,감량,4450
4451,외형,4451
4452,노,4452
4453,많이하고,4453
4454,분위기,4454
4455,했었어요,4455
4456,없다며,4456
4457,나셔서,4457
4458,드려,4458
4459,시드,4459
4460,간수치,4460
4461,조치,4461
4462,불안하네요,4462
4463,원하면,4463
4464,다르다는,4464
4465,여유,4465
4466,세는,4466
4467,불가능할까,4467
4468,눈꼽,4468
4469,배워,4469
4470,신규,4470
4471,해주지,4471
4472,간호학,4472
4473,복수,4473
4474,바꿀,4474
4475,걸렸는데,4475
4476,결막,4476
4477,책임,4477
4478,확실,4478
4479,호,4479
4480,매실,4480
4481,이니,4481
4482,홧병,4482
4483,나서부터,4483
4484,되는거,4484
4485,맞출려,4485
4486,불편해져,4486
4487,아크,4487
4488,렌틴,4488
4489,프로펜,4489
4490,스테,4490
4491,코데날정,4491
4492,에소,4492
4493,졸정,4493
4494,겔,4494
4495,아니요,4495
4496,안될까,4496
4497,같은데요,4497
4498,항,4498
4499,풀어도,4499
4500,휴지,4500
4501,찢어지는,4501
4502,황반,4502
4503,성중독,4503
4504,다발,4504
4505,신중하게,4505
4506,알아보려,4506
4507,지시,4507
4508,놔주나요,4508
4509,안남아서,4509
4510,엉덩이,4510
4511,갔던,4511
4512,일분,4512
4513,하셨,4513
4514,비슷해서,4514
4515,맞다고,4515
4516,갔고,4516
4517,간김,4517
4518,방사,4518
4519,한다면서,4519
4520,않는지,4520
4521,앱,4521
4522,프레디,4522
4523,불가능한건,4523
4524,다루는,4524
4525,건지요,4525
4526,은근,4526
4527,앉았다,4527
4528,백병원,4528
4529,좋아해서,4529
4530,드십니다,4530
4531,된것,4531
4532,블랙아웃,4532
4533,로서,4533
4534,날때,4534
4535,높으면,4535
4536,높이,4536
4537,줄여,4537
4538,먹었고,4538
4539,좋다는,4539
4540,받기에는,4540
4541,아니라는데,4541
4542,하시는지요,4542
4543,골,4543
4544,하는거죠,4544
4545,본가,4545
4546,신사역,4546
4547,받더라도,4547
4548,그런다고,4548
4549,눈곱,4549
4550,가려서,4550
4551,뺀,4551
4552,일말,4552
4553,나을지,4553
4554,비슷하게,4554
4555,기증,4555
4556,골로,4556
4557,청진기,4557
4558,우는,4558
4559,되더니,4559
4560,팔뚝,4560
4561,집안일,4561
4562,몫,4562
4563,경제,4563
4564,오는거,4564
4565,마감,4565
4566,될것,4566
4567,아토,4567
4568,눌렀는데,4568
4569,정해,4569
4570,내신,4570
4571,띠,4571
4572,데파킨정,4572
4573,극성,4573
4574,추,4574
4575,카페인,4575
4576,먹고있는,4576
4577,들어가면,4577
4578,그런데요,4578
4579,안되겠다고,4579
4580,가로,4580
4581,나오잖아요,4581
4582,좋은가요,4582
4583,경력,4583
4584,시절,4584
4585,이지나,4585
4586,버렷,4586
4587,습,4587
4588,옮,4588
4589,검게,4589
4590,양주,4590
4591,갈까봐,4591
4592,쓰여요,4592
4593,걸렸을,4593
4594,교사,4594
4595,부스파,4595
4596,짜,4596
4597,이상하네요,4597
4598,아미,4598
4599,괜찮아지긴,4599
4600,동그라미,4600
4601,받아주나요,4601
4602,가까워서,4602
4603,심한가요,4603
4604,태어난게,4604
4605,넌,4605
4606,태어나,4606
4607,사라져,4607
4608,돼야,4608
4609,눈감을,4609
4610,보내려고,4610
4611,생명,4611
4612,봤자,4612
4613,오해,4613
4614,하실까봐,4614
4615,발목,4615
4616,어깨,4616
4617,찾아와서,4617
4618,외상,4618
4619,새롭게,4619
4620,순서,4620
4621,힘들어져요,4621
4622,나아지는게,4622
4623,아니라면,4623
4624,폭세틴,4624
4625,원금,4625
4626,낫는데,4626
4627,지축,4627
4628,희망,4628
4629,컨설팅,4629
4630,국내,4630
4631,조건,4631
4632,고열,4632
4633,시달리고,4633
4634,바이러스,4634
4635,가고싶다고,4635
4636,하시던데,4636
4637,귀신,4637
4638,환각,4638
4639,일종,4639
4640,분석,4640
4641,수영장,4641
4642,지정,4642
4643,봐야하나요,4643
4644,보시는,4644
4645,스택,4645
4646,영장,4646
4647,전정기관,4647
4648,젊은데,4648
4649,쓰게,4649
4650,외가,4650
4651,위암,4651
4652,생으로,4652
4653,췌장암,4653
4654,풍선,4654
4655,파마,4655
4656,설트랄린,4656
4657,졸피뎀,4657
4658,들어있는,4658
4659,진디,4659
4660,짇정,4660
4661,이뇨제,4661
4662,우울해져서,4662
4663,밖에도,4663
4664,주신다면,4664
4665,가여,4665
4666,나타났어요,4666
4667,멍한,4667
4668,붓더니,4668
4669,아랫쪽,4669
4670,만으로도,4670
4671,사라졌습니다,4671
4672,남구,4672
4673,있거나,4673
4674,손해배상,4674
4675,민사,4675
4676,채택,4676
4677,다녔습니다,4677
4678,안된,4678
4679,따끔따끔,4679
4680,에서라도,4680
4681,이었어요,4681
4682,보냈고,4682
4683,거짓말,4683
4684,쳤는데,4684
4685,흐릿하,4685
4686,함부로,4686
4687,파면,4687
4688,물리,4688
4689,라면서,4689
4690,오메,4690
4691,다니고있는,4691
4692,올렸습니다,4692
4693,시달려서,4693
4694,안좋으면,4694
4695,해주셨으면,4695
4696,나가지고,4696
4697,사러,4697
4698,사위,4698
4699,후유,4699
4700,보상,4700
4701,하다고,4701
4702,오래된,4702
4703,굳어서,4703
4704,아프긴,4704
4705,어찌저찌,4705
4706,있다고는,4706
4707,메스껍고,4707
4708,안좋습니다,4708
4709,걸린다고,4709
4710,알아보던,4710
4711,민,4711
4712,두기,4712
4713,가정의학,4713
4714,뜬금없이,4714
4715,데스크,4715
4716,만난,4716
4717,돔황챠,4717
4718,싫어집니다,4718
4719,겟,4719
4720,흑인,4720
4721,주인공,4721
4722,흘려,4722
4723,이는,4723
4724,시그널,4724
4725,보내신,4725
4726,가하는,4726
4727,사무,4727
4728,특별,4728
4729,치면,4729
4730,난생,4730
4731,보라는데,4731
4732,쉬어지고,4732
4733,하고는,4733
4734,어떠한,4734
4735,알려줄,4735
4736,부탁드려용,4736
4737,나오지,4737
4738,말고는,4738
4739,뽑아,4739
4740,답답함,4740
4741,야기,4741
4742,일어났는데,4742
4743,이러셔서,4743
4744,지났고,4744
4745,낮아지고,4745
4746,금전,4746
4747,옥상,4747
4748,상상,4748
4749,들었지만,4749
4750,말씀드리,4750
4751,하고싶다는,4751
4752,고치는,4752
4753,진지합니다,4753
4754,개수,4754
4755,가장자리,4755
4756,일어나거나,4756
4757,쉬다가,4757
4758,안되서요,4758
4759,좋다는데,4759
4760,원할,4760
4761,초점,4761
4762,어쨌든,4762
4763,감수,4763
4764,지를,4764
4765,연세대,4765
4766,연세,4766
4767,들어가던데,4767
4768,임산부,4768
4769,되어요,4769
4770,국가고시,4770
4771,찍는건,4771
4772,주르륵,4772
4773,아니구요,4773
4774,다는,4774
4775,나아졌습니다,4775
4776,아동,4776
4777,없거나,4777
4778,죄,4778
4779,했듯이,4779
4780,확인가능,4780
4781,비싸다고,4781
4782,찌르는,4782
4783,휴학,4783
4784,간경화,4784
4785,차분하게,4785
4786,같던데,4786
4787,아프더니,4787
4788,위도,4788
4789,편두통,4789
4790,갖다,4790
4791,맥박,4791
4792,난것처럼,4792
4793,찌르듯,4793
4794,답답함을,4794
4795,피하,4795
4796,모르는게,4796
4797,보자,4797
4798,배달,4798
4799,걸리는지,4799
4800,있는거면,4800
4801,바람소리,4801
4802,들렸던,4802
4803,자책,4803
4804,끊은,4804
4805,쩌,4805
4806,잇어서,4806
4807,건아,4807
4808,필요한데,4808
4809,빠지네요,4809
4810,어째서,4810
4811,뇌구조,4811
4812,있을거라,4812
4813,정작,4813
4814,좋아졌고,4814
4815,나누고,4815
4816,여름방학,4816
4817,빠진건,4817
4818,매달,4818
4819,기부,4819
4820,개월전,4820
4821,불안하더라구요,4821
4822,요양,4822
4823,귀찮고,4823
4824,근거,4824
4825,가지는,4825
4826,나와있는데,4826
4827,뜨시더라고요,4827
4828,개업,4828
4829,실눈,4829
4830,곱,4830
4831,심하진,4831
4832,면화,4832
4833,그럴수도,4833
4834,리튬,4834
4835,안온,4835
4836,나올것,4836
4837,기침약,4837
4838,귀파개,4838
4839,달팽이관,4839
4840,힘들었던,4840
4841,많았고,4841
4842,심해져요,4842
4843,일어나는데,4843
4844,달린,4844
4845,도구,4845
4846,많잖아요,4846
4847,들어간거,4847
4848,닦고,4848
4849,두는거,4849
4850,왓,4850
4851,군의관,4851
4852,국군,4852
4853,참으면서,4853
4854,흘렀습니다,4854
4855,넘길,4855
4856,참을,4856
4857,선뜻,4857
4858,멀고,4858
4859,절대로,4859
4860,별도,4860
4861,도안,4861
4862,투석,4862
4863,걸리더라구요,4863
4864,년치,4864
4865,입국,4865
4866,시스템,4866
4867,당한,4867
4868,핑계,4868
4869,세우고,4869
4870,하나님,4870
4871,성경,4871
4872,않은것,4872
4873,취직,4873
4874,비도,4874
4875,죽을거,4875
4876,가라던데,4876
4877,효도,4877
4878,가해자,4878
4879,부디,4879
4880,까지의,4880
4881,복잡하고,4881
4882,버티기,4882
4883,용이,4883
4884,다르고,4884
4885,않은게,4885
4886,보아,4886
4887,힘들지만,4887
4888,믿고,4888
4889,이러지,4889
4890,터졌는데,4890
4891,다양한,4891
4892,노래,4892
4893,사는게,4893
4894,드리기,4894
4895,필요시,4895
4896,잇다면,4896
4897,있었어서,4897
4898,남으면,4898
4899,오락가락,4899
4900,대강,4900
4901,데팍,4901
4902,신서,4902
4903,안된다는,4903
4904,끊어,4904
4905,된지는,4905
4906,심하셔서,4906
4907,이니까,4907
4908,애로,4908
4909,틴,4909
4910,기반,4910
4911,재고,4911
4912,할려면,4912
4913,천만원,4913
4914,불편하긴,4914
4915,보진,4915
4916,체감,4916
4917,만졌을,4917
4918,커요,4918
4919,편견,4919
4920,나오거나,4920
4921,고통스럽고,4921
4922,줄어,4922
4923,괴로워요,4923
4924,빼는데,4924
4925,우수수,4925
4926,분뒤,4926
4927,질거라는데,4927
4928,받아와,4928
4929,쓰러지고,4929
4930,됬는데,4930
4931,자반증,4931
4932,하셨거든요,4932
4933,순천,4933
4934,계시나요,4934
4935,멜라,4935
4936,분해,4936
4937,부종,4937
4938,먹지도,4938
4939,아니겠지,4939
4940,한마디,4940
4941,읽는,4941
4942,어렵게,4942
4943,말고도,4943
4944,인게,4944
4945,대는게,4945
4946,무대,4946
4947,나구,4947
4948,혓바닥,4948
4949,물어보니까,4949
4950,섬유화,4950
4951,박아,4951
4952,찍었는데,4952
4953,쌍둥이,4953
4954,나타나고,4954
4955,이를,4955
4956,냈는데,4956
4957,판다,4957
4958,그러진,4958
4959,건망증,4959
4960,메치,4960
4961,드시고,4961
4962,한숨,4962
4963,물어보는,4963
4964,이상해진,4964
4965,순음,4965
4966,어음,4966
4967,갈수있나요,4967
4968,피지,4968
4969,짤,4969
4970,화콜,4970
4971,마친,4971
4972,미자,4972
4973,지내,4973
4974,지푸라기,4974
4975,학업,4975
4976,봤다는,4976
4977,있겠지만,4977
4978,되있는데,4978
4979,있기는,4979
4980,화재,4980
4981,들어가는,4981
4982,깨끗해서,4982
4983,않다는,4983
4984,깨끗하게,4984
4985,그러나,4985
4986,돌려,4986
4987,상하,4987
4988,반전,4988
4989,상대,4989
4990,사이비,4990
4991,께선,4991
4992,해놨는데,4992
4993,윗,4993
4994,걸렸었는데,4994
4995,전날,4995
4996,과일,4996
4997,작고,4997
4998,얇다고,4998
4999,미납,4999
5000,눕거나,5000
5001,등쪽,5001
