"행정구역별(읍면동)","연령별",2018,2018,2018,2018,2018,2018,2018,2018,2019,2019,2019,2019,2019,2019,2019,2019,2020,2020,2020,2020,2020,2020,2020,2020,2021,2021,2021,2021,2021,2021,2021,2021,2022,2022,2022,2022,2022,2022,2022,2022
"행정구역별(읍면동)","연령별",총인구(명),총인구_남자(명),총인구_여자(명),총인구_성비,내국인(명),내국인_남자(명),내국인_여자(명),내국인_성비,총인구(명),총인구_남자(명),총인구_여자(명),총인구_성비,내국인(명),내국인_남자(명),내국인_여자(명),내국인_성비,총인구(명),총인구_남자(명),총인구_여자(명),총인구_성비,내국인(명),내국인_남자(명),내국인_여자(명),내국인_성비,총인구(명),총인구_남자(명),총인구_여자(명),총인구_성비,내국인(명),내국인_남자(명),내국인_여자(명),내국인_성비,총인구(명),총인구_남자(명),총인구_여자(명),총인구_성비,내국인(명),내국인_남자(명),내국인_여자(명),내국인_성비
"대구광역시","합계",2444412,1212777,1231635,98.5,2409132,1192938,1216194,98.1,2429940,1203754,1226186,98.2,2389848,1181573,1208275,97.8,2410700,1190271,1220429,97.5,2373302,1170625,1202677,97.3,2387911,1177420,1210491,97.3,2350955,1158350,1192605,97.1,2366852,1165698,1201154,97.0,2328003,1145462,1182541,96.9
"대구광역시","0~4세",89739,45833,43906,104.4,89246,45593,43653,104.4,83746,42957,40789,105.3,83044,42613,40431,105.4,75767,38862,36905,105.3,75145,38559,36586,105.4,67629,34732,32897,105.6,67018,34437,32581,105.7,62175,31883,30292,105.3,61546,31566,29980,105.3
"대구광역시","5~9세",104033,53549,50484,106.1,103736,53404,50332,106.1,103487,53001,50486,105.0,103047,52798,50249,105.1,102474,52434,50040,104.8,102090,52263,49827,104.9,100372,51280,49092,104.5,99865,51048,48817,104.6,95595,48839,46756,104.5,95036,48586,46450,104.6
"대구광역시","10~14세",107821,56116,51705,108.5,107604,56004,51600,108.5,104830,54519,50311,108.4,104538,54381,50157,108.4,104457,54158,50299,107.7,104210,54030,50180,107.7,105005,54244,50761,106.9,104695,54088,50607,106.9,105026,54204,50822,106.7,104684,54040,50644,106.7
"대구광역시","15~19세",138818,73362,65456,112.1,137675,72825,64850,112.3,131202,69196,62006,111.6,129326,68252,61074,111.8,120738,63343,57395,110.4,119179,62603,56576,110.7,111424,58469,52955,110.4,110624,58097,52527,110.6,109163,56862,52301,108.7,108169,56379,51790,108.9
"대구광역시","20~24세",171337,92437,78900,117.2,166310,89795,76515,117.4,167561,89812,77749,115.5,161473,86609,74864,115.7,164883,87519,77364,113.1,159127,84584,74543,113.5,158547,83644,74903,111.7,152109,80487,71622,112.4,146632,77965,68667,113.5,139971,74615,65356,114.2
"대구광역시","25~29세",160410,87897,72513,121.2,153809,84028,69781,120.4,161994,88259,73735,119.7,155216,84404,70812,119.2,163122,88145,74977,117.6,156979,84853,72126,117.6,162309,87198,75111,116.1,156459,84177,72282,116.5,157767,83833,73934,113.4,151670,80609,71061,113.4
"대구광역시","30~34세",140352,74752,65600,114.0,133980,70900,63080,112.4,138781,74498,64283,115.9,131908,70502,61406,114.8,138022,74266,63756,116.5,131598,70711,60887,116.1,138675,74734,63941,116.9,132616,71434,61182,116.8,142967,77239,65728,117.5,136847,73852,62995,117.2
"대구광역시","35~39세",180401,90566,89835,100.8,175863,87793,88070,99.7,172733,87192,85541,101.9,167704,84174,83530,100.8,160788,81511,79277,102.8,155831,78721,77110,102.1,150689,77251,73438,105.2,145701,74484,71217,104.6,141704,73569,68135,108.0,136438,70700,65738,107.5
"대구광역시","40~44세",181974,90588,91386,99.1,178952,88808,90144,98.5,175876,87458,88418,98.9,172443,85466,86977,98.3,175075,87078,87997,99.0,171791,85270,86521,98.6,175521,87145,88376,98.6,172142,85319,86823,98.3,176711,87720,88991,98.6,173086,85781,87305,98.3
"대구광역시","45~49세",218536,107037,111499,96.0,215968,105585,110383,95.7,213400,104788,108612,96.5,210465,103132,107333,96.1,204666,100187,104479,95.9,202067,98782,103285,95.6,193349,94993,98356,96.6,190845,93639,97206,96.3,185351,91090,94261,96.6,182788,89708,93080,96.4
"대구광역시","50~54세",211168,103557,107611,96.2,209211,102568,106643,96.2,214280,104751,109529,95.6,212064,103547,108517,95.4,214621,104875,109746,95.6,212551,103853,108698,95.5,216592,105452,111140,94.9,214455,104364,110091,94.8,215150,105121,110029,95.5,212849,103916,108933,95.4
"대구광역시","55~59세",215213,105143,110070,95.5,213833,104466,109367,95.5,211437,103324,108113,95.6,209875,102566,107309,95.6,206714,100742,105972,95.1,205215,100043,105172,95.1,199334,97690,101644,96.1,197774,96973,100801,96.2,197552,96201,101351,94.9,195902,95414,100488,95.0
"대구광역시","60~64세",166957,81276,85681,94.9,166103,80865,85238,94.9,177148,85958,91190,94.3,176238,85505,90733,94.2,185094,89740,95354,94.1,184181,89330,94851,94.2,194611,94073,100538,93.6,193771,93682,100089,93.6,197979,95477,102502,93.1,197044,95061,101983,93.2
"대구광역시","65~69세",122153,57029,65124,87.6,121687,56818,64869,87.6,124986,58624,66362,88.3,124465,58390,66075,88.4,135142,63026,72116,87.4,134624,62800,71824,87.4,144646,67678,76968,87.9,144126,67450,76676,88.0,150321,70781,79540,89.0,149743,70517,79226,89.0
"대구광역시","70~74세",86015,38458,47557,80.9,85850,38378,47472,80.8,91533,41253,50280,82.0,91331,41161,50170,82.0,97519,44271,53248,83.1,97307,44187,53120,83.2,103563,46847,56716,82.6,103331,46756,56575,82.6,109570,49568,60002,82.6,109295,49461,59834,82.7
"대구광역시","75~79세",75948,31409,44539,70.5,75864,31378,44486,70.5,76857,31797,45060,70.6,76747,31752,44995,70.6,75796,31628,44168,71.6,75689,31584,44105,71.6,73247,30990,42257,73.3,73139,30947,42192,73.3,73820,31301,42519,73.6,73696,31252,42444,73.6
"대구광역시","80~84세",46011,16550,29461,56.2,45955,16532,29423,56.2,49325,18005,31320,57.5,49263,17989,31274,57.5,51639,18941,32698,57.9,51585,18928,32657,58.0,54585,20287,34298,59.1,54524,20272,34252,59.2,59138,22417,36721,61.0,59066,22394,36672,61.1
"대구광역시","85~89세",20069,5627,14442,39.0,20038,5610,14428,38.9,22443,6574,15869,41.4,22403,6551,15852,41.3,25076,7647,17429,43.9,25042,7633,17409,43.8,27677,8609,19068,45.1,27640,8598,19042,45.2,29247,9227,20020,46.1,29206,9216,19990,46.1
"대구광역시","90~94세",6096,1333,4763,28.0,6089,1331,4758,28.0,6870,1529,5341,28.6,6855,1523,5332,28.6,7468,1602,5866,27.3,7457,1596,5861,27.2,8413,1799,6614,27.2,8404,1794,6610,27.1,9100,2085,7015,29.7,9089,2080,7009,29.7
"대구광역시","95~99세",1226,241,985,24.5,1226,241,985,24.5,1301,239,1062,22.5,1297,239,1058,22.6,1454,273,1181,23.1,1453,273,1180,23.1,1509,279,1230,22.7,1507,279,1228,22.7,1647,291,1356,21.5,1644,290,1354,21.4
"대구광역시","100세이상",135,17,118,14.4,133,16,117,13.7,150,20,130,15.4,146,19,127,15.0,185,23,162,14.2,181,22,159,13.8,214,26,188,13.8,210,25,185,13.5,237,25,212,11.8,234,25,209,12.0
"대구광역시","15세미만",301593,155498,146095,106.4,300586,155001,145585,106.5,292063,150477,141586,106.3,290629,149792,140837,106.4,282698,145454,137244,106.0,281445,144852,136593,106.0,273006,140256,132750,105.7,271578,139573,132005,105.7,262796,134926,127870,105.5,261266,134192,127074,105.6
"대구광역시","15~64세",1785166,906615,878551,103.2,1751704,887633,864071,102.7,1764412,895236,869176,103.0,1726712,874157,852555,102.5,1733723,877406,856317,102.5,1698519,858750,839769,102.3,1701051,860649,840402,102.4,1666496,842656,823840,102.3,1670976,845077,825899,102.3,1634764,826035,808729,102.1
"대구광역시","65세이상",357653,150664,206989,72.8,356842,150304,206538,72.8,373465,158041,215424,73.4,372507,157624,214883,73.4,394279,167411,226868,73.8,393338,167023,226315,73.8,413854,176515,237339,74.4,412881,176121,236760,74.4,433080,185695,247385,75.1,431973,185235,246738,75.1
"대구광역시","85세이상",27526,7218,20308,35.5,27486,7198,20288,35.5,30764,8362,22402,37.3,30701,8332,22369,37.2,34183,9545,24638,38.7,34133,9524,24609,38.7,37813,10713,27100,39.5,37761,10696,27065,39.5,40231,11628,28603,40.7,40173,11611,28562,40.7
"대구광역시","평균연령",42.1,40.7,43.5,-,42.2,40.8,43.6,-,42.7,41.3,44.1,-,42.8,41.4,44.2,-,43.3,41.9,44.7,-,43.4,42.0,44.8,-,43.9,42.5,45.3,-,44.0,42.6,45.4,-,44.5,43.0,45.9,-,44.6,43.2,46.0,-
"대구광역시","중위연령",43.7,41.9,45.3,-,43.9,42.2,45.5,-,44.3,42.5,46.0,-,44.6,42.8,46.2,-,45.0,43.1,46.6,-,45.3,43.5,46.9,-,45.7,43.8,47.4,-,46.0,44.1,47.7,-,46.3,44.4,48.1,-,46.7,44.8,48.4,-
"중구","합계",76935,37209,39726,93.7,76089,36779,39310,93.6,75561,36413,39148,93.0,74662,35964,38698,92.9,74278,35692,38586,92.5,73499,35341,38158,92.6,72834,34835,37999,91.7,72112,34526,37586,91.9,77512,37059,40453,91.6,76745,36723,40022,91.8
"중구","0~4세",2924,1496,1428,104.8,2913,1490,1423,104.7,2771,1418,1353,104.8,2745,1401,1344,104.2,2485,1292,1193,108.3,2465,1278,1187,107.7,2220,1123,1097,102.4,2210,1116,1094,102.0,2444,1223,1221,100.2,2432,1215,1217,99.8
"중구","5~9세",2733,1422,1311,108.5,2728,1418,1310,108.2,2759,1425,1334,106.8,2749,1421,1328,107.0,2707,1382,1325,104.3,2702,1381,1321,104.5,2754,1423,1331,106.9,2747,1422,1325,107.3,3032,1530,1502,101.9,3022,1527,1495,102.1
"중구","10~14세",2255,1155,1100,105.0,2244,1145,1099,104.2,2189,1150,1039,110.7,2177,1142,1035,110.3,2205,1162,1043,111.4,2198,1156,1042,110.9,2298,1202,1096,109.7,2293,1198,1095,109.4,2609,1351,1258,107.4,2604,1347,1257,107.2
"중구","15~19세",3022,1464,1558,94.0,3013,1459,1554,93.9,2805,1362,1443,94.4,2787,1350,1437,93.9,2575,1299,1276,101.8,2568,1297,1271,102.0,2365,1157,1208,95.8,2362,1155,1207,95.7,2552,1280,1272,100.6,2547,1276,1271,100.4
"중구","20~24세",5084,2454,2630,93.3,4990,2400,2590,92.7,5204,2427,2777,87.4,5105,2379,2726,87.3,5099,2336,2763,84.5,5025,2303,2722,84.6,4767,2200,2567,85.7,4708,2174,2534,85.8,4699,2145,2554,84.0,4636,2121,2515,84.3
"중구","25~29세",6507,3336,3171,105.2,6365,3260,3105,105.0,6558,3338,3220,103.7,6430,3273,3157,103.7,6720,3327,3393,98.1,6589,3269,3320,98.5,6742,3298,3444,95.8,6616,3255,3361,96.8,6979,3326,3653,91.0,6848,3278,3570,91.8
"중구","30~34세",5467,2841,2626,108.2,5325,2760,2565,107.6,5264,2732,2532,107.9,5116,2657,2459,108.1,5225,2709,2516,107.7,5101,2654,2447,108.5,5214,2649,2565,103.3,5111,2604,2507,103.9,6069,3108,2961,105.0,5962,3064,2898,105.7
"중구","35~39세",6082,3146,2936,107.2,5988,3101,2887,107.4,5953,3062,2891,105.9,5852,3010,2842,105.9,5567,2866,2701,106.1,5472,2823,2649,106.6,5319,2758,2561,107.7,5218,2713,2505,108.3,5677,2979,2698,110.4,5584,2934,2650,110.7
"중구","40~44세",5060,2612,2448,106.7,4994,2587,2407,107.5,4917,2529,2388,105.9,4857,2508,2349,106.8,4884,2523,2361,106.9,4824,2499,2325,107.5,4995,2575,2420,106.4,4938,2553,2385,107.0,5689,2866,2823,101.5,5626,2840,2786,101.9
"중구","45~49세",5790,2938,2852,103.0,5723,2904,2819,103.0,5670,2846,2824,100.8,5608,2808,2800,100.3,5447,2688,2759,97.4,5394,2661,2733,97.4,5141,2548,2593,98.3,5094,2524,2570,98.2,5393,2651,2742,96.7,5335,2625,2710,96.9
"중구","50~54세",5622,2776,2846,97.5,5558,2740,2818,97.2,5466,2686,2780,96.6,5398,2646,2752,96.1,5516,2694,2822,95.5,5465,2670,2795,95.5,5541,2694,2847,94.6,5497,2671,2826,94.5,6032,2971,3061,97.1,5973,2939,3034,96.9
"중구","55~59세",6102,2947,3155,93.4,6047,2920,3127,93.4,5757,2793,2964,94.2,5700,2766,2934,94.3,5432,2658,2774,95.8,5389,2639,2750,96.0,5104,2502,2602,96.2,5047,2479,2568,96.5,5305,2585,2720,95.0,5257,2564,2693,95.2
"중구","60~64세",5489,2589,2900,89.3,5460,2581,2879,89.6,5504,2589,2915,88.8,5468,2575,2893,89.0,5460,2577,2883,89.4,5415,2554,2861,89.3,5383,2544,2839,89.6,5344,2525,2819,89.6,5474,2633,2841,92.7,5435,2614,2821,92.7
"중구","65~69세",4376,1893,2483,76.2,4357,1887,2470,76.4,4255,1879,2376,79.1,4223,1867,2356,79.2,4367,1933,2434,79.4,4344,1924,2420,79.5,4499,1998,2501,79.9,4478,1990,2488,80.0,4730,2105,2625,80.2,4702,2093,2609,80.2
"중구","70~74세",3776,1584,2192,72.3,3765,1579,2186,72.2,3728,1567,2161,72.5,3715,1559,2156,72.3,3834,1618,2216,73.0,3823,1614,2209,73.1,3750,1570,2180,72.0,3733,1562,2171,71.9,3879,1627,2252,72.2,3860,1617,2243,72.1
"중구","75~79세",3380,1440,1940,74.2,3376,1440,1936,74.4,3373,1437,1936,74.2,3362,1434,1928,74.4,3208,1358,1850,73.4,3197,1354,1843,73.5,3074,1294,1780,72.7,3064,1289,1775,72.6,3049,1258,1791,70.2,3041,1253,1788,70.1
"중구","80~84세",2025,782,1243,62.9,2011,779,1232,63.2,2084,806,1278,63.1,2076,806,1270,63.5,2161,841,1320,63.7,2152,840,1312,64.0,2195,840,1355,62.0,2188,839,1349,62.2,2364,931,1433,65.0,2355,928,1427,65.0
"중구","85~89세",873,244,629,38.8,864,239,625,38.2,923,273,650,42.0,915,269,646,41.6,1002,341,661,51.6,993,338,655,51.6,1062,363,699,51.9,1055,361,694,52.0,1095,375,720,52.1,1086,373,713,52.3
"중구","90~94세",292,76,216,35.2,292,76,216,35.2,300,77,223,34.5,299,76,223,34.1,306,74,232,31.9,305,73,232,31.5,332,81,251,32.3,330,80,250,32.0,362,98,264,37.1,361,98,263,37.3
"중구","95~99세",71,14,57,24.6,71,14,57,24.6,74,17,57,29.8,73,17,56,30.4,64,11,53,20.8,64,11,53,20.8,65,13,52,25.0,65,13,52,25.0,65,16,49,32.7,65,16,49,32.7
"중구","100세이상",5,X,5,0.0,5,X,5,0.0,7,X,7,0.0,7,X,7,0.0,14,X,11,27.3,14,X,11,27.3,14,X,11,27.3,14,X,11,27.3,14,X,13,7.7,14,X,13,7.7
"중구","15세미만",7912,4073,3839,106.1,7885,4053,3832,105.8,7719,3993,3726,107.2,7671,3964,3707,106.9,7397,3836,3561,107.7,7365,3815,3550,107.5,7272,3748,3524,106.4,7250,3736,3514,106.3,8085,4104,3981,103.1,8058,4089,3969,103.0
"중구","15~64세",54225,27103,27122,99.9,53463,26712,26751,99.9,53098,26364,26734,98.6,52321,25972,26349,98.6,51925,25677,26248,97.8,51242,25369,25873,98.1,50571,24925,25646,97.2,49935,24653,25282,97.5,53869,26544,27325,97.1,53203,26255,26948,97.4
"중구","65세이상",14798,6033,8765,68.8,14741,6014,8727,68.9,14744,6056,8688,69.7,14670,6028,8642,69.8,14956,6179,8777,70.4,14892,6157,8735,70.5,14991,6162,8829,69.8,14927,6137,8790,69.8,15558,6411,9147,70.1,15484,6379,9105,70.1
"중구","85세이상",1241,334,907,36.8,1232,329,903,36.4,1304,367,937,39.2,1294,362,932,38.8,1386,429,957,44.8,1376,425,951,44.7,1473,460,1013,45.4,1464,457,1007,45.4,1536,490,1046,46.8,1526,488,1038,47.0
"중구","평균연령",44.1,42.6,45.5,-,44.2,42.7,45.6,-,44.2,42.8,45.6,-,44.3,42.9,45.6,-,44.6,43.2,45.8,-,44.6,43.2,45.9,-,44.8,43.4,46.0,-,44.8,43.4,46.1,-,44.4,43.2,45.5,-,44.4,43.2,45.6,-
"중구","중위연령",44.4,42.5,46.2,-,44.5,42.7,46.3,-,44.4,42.6,46.1,-,44.5,42.7,46.2,-,44.6,42.8,46.4,-,44.8,42.9,46.5,-,44.7,42.8,46.5,-,44.8,42.9,46.7,-,44.0,42.5,45.6,-,44.0,42.6,45.7,-
"동구","합계",342396,168812,173584,97.3,340032,167969,172063,97.6,337439,165927,171512,96.7,334898,165031,169867,97.2,333294,163476,169818,96.3,331000,162756,168244,96.7,332637,162891,169746,96.0,330408,162181,168227,96.4,332954,162916,170038,95.8,330580,162140,168440,96.3
"동구","0~4세",13848,7085,6763,104.8,13806,7063,6743,104.7,12692,6456,6236,103.5,12618,6415,6203,103.4,11174,5667,5507,102.9,11129,5640,5489,102.8,10057,5181,4876,106.3,10012,5153,4859,106.1,9541,4886,4655,105.0,9494,4853,4641,104.6
"동구","5~9세",14575,7597,6978,108.9,14554,7589,6965,109.0,14381,7425,6956,106.7,14335,7406,6929,106.9,13975,7156,6819,104.9,13931,7140,6791,105.1,13680,6899,6781,101.7,13624,6871,6753,101.7,13096,6656,6440,103.4,13034,6624,6410,103.3
"동구","10~14세",13015,6803,6212,109.5,12994,6794,6200,109.6,12629,6611,6018,109.9,12597,6595,6002,109.9,12545,6523,6022,108.3,12516,6508,6008,108.3,12788,6614,6174,107.1,12752,6600,6152,107.3,13017,6719,6298,106.7,12980,6703,6277,106.8
"동구","15~19세",15133,8111,7022,115.5,15084,8088,6996,115.6,13973,7480,6493,115.2,13927,7462,6465,115.4,13193,7126,6067,117.5,13156,7112,6044,117.7,12411,6728,5683,118.4,12372,6710,5662,118.5,12271,6628,5643,117.5,12233,6612,5621,117.6
"동구","20~24세",20044,10780,9264,116.4,19795,10724,9071,118.2,18967,10125,8842,114.5,18716,10062,8654,116.3,18416,9816,8600,114.1,18198,9767,8431,115.8,17380,9271,8109,114.3,17196,9223,7973,115.7,16044,8638,7406,116.6,15875,8593,7282,118.0
"동구","25~29세",21654,11742,9912,118.5,21283,11636,9647,120.6,21550,11636,9914,117.4,21186,11538,9648,119.6,21620,11491,10129,113.4,21323,11434,9889,115.6,21674,11406,10268,111.1,21396,11356,10040,113.1,21234,11000,10234,107.5,20947,10939,10008,109.3
"동구","30~34세",20738,10832,9906,109.3,20383,10715,9668,110.8,20371,10696,9675,110.6,19968,10576,9392,112.6,20002,10680,9322,114.6,19620,10573,9047,116.9,20496,10931,9565,114.3,20147,10836,9311,116.4,21412,11454,9958,115.0,21059,11358,9701,117.1
"동구","35~39세",26964,13616,13348,102.0,26686,13531,13155,102.9,25517,12991,12526,103.7,25220,12898,12322,104.7,23286,11900,11386,104.5,23000,11822,11178,105.8,21817,11353,10464,108.5,21526,11272,10254,109.9,20806,10884,9922,109.7,20481,10798,9683,111.5
"동구","40~44세",25033,13123,11910,110.2,24800,13026,11774,110.6,24218,12624,11594,108.9,23976,12523,11453,109.3,24031,12362,11669,105.9,23802,12277,11525,106.5,24430,12459,11971,104.1,24192,12382,11810,104.8,25026,12762,12264,104.1,24768,12680,12088,104.9
"동구","45~49세",27210,13776,13434,102.5,27004,13691,13313,102.8,26662,13551,13111,103.4,26453,13472,12981,103.8,25829,13214,12615,104.7,25640,13144,12496,105.2,24777,12619,12158,103.8,24596,12550,12046,104.2,24237,12306,11931,103.1,24029,12224,11805,103.5
"동구","50~54세",27273,13197,14076,93.8,27075,13116,13959,94.0,27336,13217,14119,93.6,27137,13129,14008,93.7,27154,13180,13974,94.3,26990,13123,13867,94.6,27705,13506,14199,95.1,27548,13450,14098,95.4,27880,13758,14122,97.4,27693,13683,14010,97.7
"동구","55~59세",30309,14274,16035,89.0,30160,14211,15949,89.1,29378,13924,15454,90.1,29210,13863,15347,90.3,28427,13500,14927,90.4,28266,13444,14822,90.7,27267,13100,14167,92.5,27111,13044,14067,92.7,26883,12830,14053,91.3,26721,12767,13954,91.5
"동구","60~64세",26324,12372,13952,88.7,26223,12325,13898,88.7,27247,12772,14475,88.2,27140,12722,14418,88.2,27952,13103,14849,88.2,27843,13064,14779,88.4,29076,13584,15492,87.7,28970,13546,15424,87.8,29271,13686,15585,87.8,29161,13648,15513,88.0
"동구","65~69세",20446,9491,10955,86.6,20392,9462,10930,86.6,20546,9489,11057,85.8,20494,9461,11033,85.8,22043,10066,11977,84.0,21988,10037,11951,84.0,23446,10735,12711,84.5,23387,10705,12682,84.4,24226,11073,13153,84.2,24151,11043,13108,84.2
"동구","70~74세",14785,6596,8189,80.5,14763,6587,8176,80.6,15682,7014,8668,80.9,15653,7000,8653,80.9,16576,7472,9104,82.1,16549,7458,9091,82.0,17599,7889,9710,81.2,17569,7875,9694,81.2,18525,8357,10168,82.2,18500,8345,10155,82.2
"동구","75~79세",13045,5471,7574,72.2,13038,5470,7568,72.3,13153,5498,7655,71.8,13143,5495,7648,71.8,13047,5457,7590,71.9,13036,5454,7582,71.9,12643,5349,7294,73.3,12632,5345,7287,73.3,12832,5480,7352,74.5,12818,5476,7342,74.6
"동구","80~84세",7641,2792,4849,57.6,7636,2789,4847,57.5,8237,3070,5167,59.4,8229,3068,5161,59.4,8619,3220,5399,59.6,8613,3218,5395,59.6,9260,3501,5759,60.8,9254,3499,5755,60.8,10073,3853,6220,61.9,10065,3852,6213,62.0
"동구","85~89세",3143,895,2248,39.8,3140,893,2247,39.7,3560,1068,2492,42.9,3558,1067,2491,42.8,4022,1254,2768,45.3,4018,1253,2765,45.3,4544,1437,3107,46.3,4538,1436,3102,46.3,4851,1562,3289,47.5,4844,1560,3284,47.5
"동구","90~94세",987,214,773,27.7,987,214,773,27.7,1087,232,855,27.1,1086,231,855,27.0,1104,234,870,26.9,1103,233,870,26.8,1293,277,1016,27.3,1292,276,1016,27.2,1416,329,1087,30.3,1414,327,1087,30.1
"동구","95~99세",205,42,163,25.8,205,42,163,25.8,221,42,179,23.5,220,42,178,23.6,255,51,204,25.0,255,51,204,25.0,260,46,214,21.5,260,46,214,21.5,276,51,225,22.7,276,51,225,22.7
"동구","100세이상",24,X,21,14.3,24,X,21,14.3,32,6,26,23.1,32,6,26,23.1,24,X,20,20.0,24,X,20,20.0,34,6,28,21.4,34,6,28,21.4,37,X,33,12.1,37,X,33,12.1
"동구","15세미만",41438,21485,19953,107.7,41354,21446,19908,107.7,39702,20492,19210,106.7,39550,20416,19134,106.7,37694,19346,18348,105.4,37576,19288,18288,105.5,36525,18694,17831,104.8,36388,18624,17764,104.8,35654,18261,17393,105.0,35508,18180,17328,104.9
"동구","15~64세",240682,121823,118859,102.5,238493,121063,117430,103.1,235219,119016,116203,102.4,232933,118245,114688,103.1,229910,116372,113538,102.5,227838,115760,112078,103.3,227033,114957,112076,102.6,225054,114369,110685,103.3,225064,113946,111118,102.5,222967,113302,109665,103.3
"동구","65세이상",60276,25504,34772,73.3,60185,25460,34725,73.3,62518,26419,36099,73.2,62415,26370,36045,73.2,65690,27758,37932,73.2,65586,27708,37878,73.2,69079,29240,39839,73.4,68966,29188,39778,73.4,72236,30709,41527,73.9,72105,30658,41447,74.0
"동구","85세이상",4359,1154,3205,36.0,4356,1152,3204,36.0,4900,1348,3552,38.0,4896,1346,3550,37.9,5405,1543,3862,40.0,5400,1541,3859,39.9,6131,1766,4365,40.5,6124,1764,4360,40.5,6580,1946,4634,42.0,6571,1942,4629,42.0
"동구","평균연령",43.7,42.1,45.3,-,43.7,42.1,45.3,-,44.3,42.7,45.9,-,44.4,42.7,46.0,-,45.0,43.4,46.6,-,45.0,43.4,46.6,-,45.6,44.0,47.2,-,45.7,44.0,47.3,-,46.1,44.5,47.7,-,46.2,44.5,47.8,-
"동구","중위연령",45.0,43.1,47.1,-,45.1,43.1,47.3,-,45.9,43.8,47.9,-,46.0,43.9,48.1,-,46.7,44.6,48.8,-,46.8,44.6,49.0,-,47.5,45.3,49.5,-,47.6,45.3,49.7,-,48.0,45.8,50.1,-,48.1,45.8,50.3,-
"서구","합계",183857,92304,91553,100.8,180774,90628,90146,100.5,175243,87869,87374,100.6,171891,86010,85881,100.2,170437,84983,85454,99.4,167380,83390,83990,99.3,165455,82384,83071,99.2,162512,80882,81630,99.1,160754,79872,80882,98.8,157798,78301,79497,98.5
"서구","0~4세",4385,2230,2155,103.5,4340,2211,2129,103.9,3732,1938,1794,108.0,3682,1917,1765,108.6,3123,1656,1467,112.9,3088,1640,1448,113.3,2638,1373,1265,108.5,2600,1361,1239,109.8,2321,1236,1085,113.9,2282,1222,1060,115.3
"서구","5~9세",4912,2488,2424,102.6,4895,2477,2418,102.4,4607,2305,2302,100.1,4575,2286,2289,99.9,4459,2252,2207,102.0,4429,2238,2191,102.1,4234,2155,2079,103.7,4195,2138,2057,103.9,3939,2013,1926,104.5,3905,1997,1908,104.7
"서구","10~14세",5166,2686,2480,108.3,5151,2680,2471,108.5,4818,2478,2340,105.9,4796,2465,2331,105.7,4606,2321,2285,101.6,4585,2312,2273,101.7,4502,2273,2229,102.0,4478,2262,2216,102.1,4443,2237,2206,101.4,4419,2228,2191,101.7
"서구","15~19세",8278,4517,3761,120.1,8232,4489,3743,119.9,7384,4080,3304,123.5,7342,4056,3286,123.4,6369,3402,2967,114.7,6348,3394,2954,114.9,5620,2981,2639,113.0,5593,2973,2620,113.5,5299,2759,2540,108.6,5268,2744,2524,108.7
"서구","20~24세",12202,6814,5388,126.5,11920,6668,5252,127.0,10877,6016,4861,123.8,10561,5840,4721,123.7,10017,5484,4533,121.0,9760,5344,4416,121.0,9020,4937,4083,120.9,8817,4833,3984,121.3,7945,4389,3556,123.4,7742,4264,3478,122.6
"서구","25~29세",12670,7152,5518,129.6,12148,6880,5268,130.6,12135,6812,5323,128.0,11632,6540,5092,128.4,11822,6616,5206,127.1,11403,6397,5006,127.8,11433,6379,5054,126.2,11038,6178,4860,127.1,10616,5792,4824,120.1,10233,5584,4649,120.1
"서구","30~34세",9713,5570,4143,134.4,9118,5235,3883,134.8,9109,5304,3805,139.4,8494,4972,3522,141.2,8807,5143,3664,140.4,8222,4843,3379,143.3,8784,5099,3685,138.4,8274,4840,3434,140.9,9039,5224,3815,136.9,8547,4971,3576,139.0
"서구","35~39세",11439,6257,5182,120.7,10999,5996,5003,119.8,10259,5623,4636,121.3,9806,5357,4449,120.4,9233,5074,4159,122.0,8790,4835,3955,122.3,8487,4707,3780,124.5,8037,4468,3569,125.2,7933,4459,3474,128.4,7450,4195,3255,128.9
"서구","40~44세",11256,6159,5097,120.8,10934,5974,4960,120.4,10336,5619,4717,119.1,9969,5410,4559,118.7,9976,5392,4584,117.6,9620,5191,4429,117.2,9690,5255,4435,118.5,9348,5079,4269,119.0,9512,5140,4372,117.6,9177,4971,4206,118.2
"서구","45~49세",14781,7579,7202,105.2,14532,7434,7098,104.7,13657,7141,6516,109.6,13336,6954,6382,109.0,12767,6727,6040,111.4,12492,6582,5910,111.4,11582,6154,5428,113.4,11314,6003,5311,113.0,10766,5767,4999,115.4,10507,5625,4882,115.2
"서구","50~54세",17311,8626,8685,99.3,17106,8526,8580,99.4,16503,8239,8264,99.7,16270,8100,8170,99.1,15753,7906,7847,100.8,15540,7790,7750,100.5,15086,7558,7528,100.4,14836,7423,7413,100.1,14274,7235,7039,102.8,14003,7075,6928,102.1
"서구","55~59세",19677,9555,10122,94.4,19508,9470,10038,94.3,18636,9145,9491,96.4,18442,9043,9399,96.2,17943,8842,9101,97.2,17758,8746,9012,97.0,16891,8367,8524,98.2,16702,8269,8433,98.1,15998,7939,8059,98.5,15805,7835,7970,98.3
"서구","60~64세",16168,7661,8507,90.1,16082,7614,8468,89.9,16468,7800,8668,90.0,16372,7752,8620,89.9,16959,8046,8913,90.3,16856,8006,8850,90.5,17532,8408,9124,92.2,17451,8372,9079,92.2,17566,8364,9202,90.9,17473,8325,9148,91.0
"서구","65~69세",12682,5906,6776,87.2,12628,5883,6745,87.2,12622,5858,6764,86.6,12557,5828,6729,86.6,13470,6129,7341,83.5,13402,6097,7305,83.5,14099,6381,7718,82.7,14021,6341,7680,82.6,14127,6496,7631,85.1,14059,6456,7603,84.9
"서구","70~74세",8760,3863,4897,78.9,8740,3856,4884,79.0,9116,4087,5029,81.3,9097,4079,5018,81.3,9618,4353,5265,82.7,9595,4343,5252,82.7,10159,4611,5548,83.1,10135,4602,5533,83.2,10749,4835,5914,81.8,10724,4828,5896,81.9
"서구","75~79세",7610,3158,4452,70.9,7603,3156,4447,71.0,7574,3120,4454,70.0,7561,3112,4449,69.9,7538,3164,4374,72.3,7527,3159,4368,72.3,7171,3008,4163,72.3,7160,3007,4153,72.4,7099,2957,4142,71.4,7088,2956,4132,71.5
"서구","80~84세",4299,1528,2771,55.1,4297,1528,2769,55.2,4626,1659,2967,55.9,4625,1659,2966,55.9,4886,1758,3128,56.2,4882,1758,3124,56.3,5162,1889,3273,57.7,5155,1887,3268,57.7,5574,2097,3477,60.3,5568,2095,3473,60.3
"서구","85~89세",1788,427,1361,31.4,1785,424,1361,31.2,1976,516,1460,35.3,1970,512,1458,35.1,2227,588,1639,35.9,2223,586,1637,35.8,2485,718,1767,40.6,2481,716,1765,40.6,2588,782,1806,43.3,2586,781,1805,43.3
"서구","90~94세",614,110,504,21.8,611,109,502,21.7,647,111,536,20.7,645,110,535,20.6,696,111,585,19.0,694,110,584,18.8,726,114,612,18.6,725,113,612,18.5,795,135,660,20.5,793,133,660,20.2
"서구","95~99세",130,17,113,15.0,130,17,113,15.0,144,17,127,13.4,144,17,127,13.4,145,18,127,14.2,145,18,127,14.2,135,16,119,13.4,135,16,119,13.4,150,15,135,11.1,150,15,135,11.1
"서구","100세이상",16,X,15,6.7,15,X,14,7.1,17,X,16,6.3,15,X,14,7.1,23,X,22,4.5,21,X,20,5.0,19,X,18,5.6,17,X,16,6.3,21,X,20,5.0,19,X,18,5.6
"서구","15세미만",14463,7404,7059,104.9,14386,7368,7018,105.0,13157,6721,6436,104.4,13053,6668,6385,104.4,12188,6229,5959,104.5,12102,6190,5912,104.7,11374,5801,5573,104.1,11273,5761,5512,104.5,10703,5486,5217,105.2,10606,5447,5159,105.6
"서구","15~64세",133495,69890,63605,109.9,130579,68286,62293,109.6,125364,65779,59585,110.4,122224,64024,58200,110.0,119646,62632,57014,109.9,116789,61128,55661,109.8,114125,59845,54280,110.3,111410,58438,52972,110.3,108948,57068,51880,110.0,106205,55589,50616,109.8
"서구","65세이상",35899,15010,20889,71.9,35809,14974,20835,71.9,36722,15369,21353,72.0,36614,15318,21296,71.9,38603,16122,22481,71.7,38489,16072,22417,71.7,39956,16738,23218,72.1,39829,16683,23146,72.1,41103,17318,23785,72.8,40987,17265,23722,72.8
"서구","85세이상",2548,555,1993,27.8,2541,551,1990,27.7,2784,645,2139,30.2,2774,640,2134,30.0,3091,718,2373,30.3,3083,715,2368,30.2,3365,849,2516,33.7,3358,846,2512,33.7,3554,933,2621,35.6,3548,930,2618,35.5
"서구","평균연령",46.3,44.5,48.2,-,46.5,44.6,48.4,-,47.2,45.3,49.2,-,47.4,45.5,49.4,-,48.2,46.2,50.1,-,48.4,46.4,50.3,-,49.0,47.1,50.9,-,49.2,47.2,51.1,-,49.7,47.7,51.6,-,49.9,47.9,51.8,-
"서구","중위연령",49.1,46.6,51.4,-,49.4,46.9,51.7,-,50.2,47.7,52.5,-,50.6,48.1,52.9,-,51.4,48.9,53.6,-,51.7,49.2,53.9,-,52.3,49.9,54.6,-,52.7,50.2,54.9,-,53.2,50.7,55.4,-,53.5,51.1,55.7,-
"남구","합계",150132,72097,78035,92.4,148553,71475,77078,92.7,147500,70522,76978,91.6,145655,69762,75893,91.9,145588,69569,76019,91.5,143788,68869,74919,91.9,144898,69140,75758,91.3,142958,68352,74606,91.6,142675,67983,74692,91.0,140652,67155,73497,91.4
"남구","0~4세",3544,1790,1754,102.1,3524,1779,1745,101.9,3249,1688,1561,108.1,3214,1674,1540,108.7,2961,1533,1428,107.4,2933,1518,1415,107.3,2683,1407,1276,110.3,2666,1398,1268,110.3,2521,1340,1181,113.5,2510,1337,1173,114.0
"남구","5~9세",3924,2036,1888,107.8,3913,2030,1883,107.8,3848,2001,1847,108.3,3827,1992,1835,108.6,3727,1939,1788,108.4,3718,1933,1785,108.3,3649,1859,1790,103.9,3632,1848,1784,103.6,3407,1746,1661,105.1,3387,1732,1655,104.7
"남구","10~14세",4327,2275,2052,110.9,4314,2267,2047,110.7,4107,2173,1934,112.4,4090,2164,1926,112.4,3962,2080,1882,110.5,3944,2070,1874,110.5,3873,2046,1827,112.0,3857,2037,1820,111.9,3696,1934,1762,109.8,3684,1927,1757,109.7
"남구","15~19세",6921,3442,3479,98.9,6765,3373,3392,99.4,6361,3070,3291,93.3,6215,2992,3223,92.8,5711,2884,2827,102.0,5635,2846,2789,102.0,5313,2686,2627,102.2,5206,2629,2577,102.0,5331,2712,2619,103.6,5247,2669,2578,103.5
"남구","20~24세",10917,5547,5370,103.3,10728,5477,5251,104.3,10610,5251,5359,98.0,10215,5073,5142,98.7,10353,5054,5299,95.4,9885,4830,5055,95.5,10432,5020,5412,92.8,9866,4725,5141,91.9,9693,4713,4980,94.6,9064,4384,4680,93.7
"남구","25~29세",10385,5403,4982,108.5,10160,5333,4827,110.5,10595,5485,5110,107.3,10372,5416,4956,109.3,11051,5673,5378,105.5,10817,5610,5207,107.7,11308,5761,5547,103.9,11063,5689,5374,105.9,11004,5491,5513,99.6,10737,5397,5340,101.1
"남구","30~34세",8433,4450,3983,111.7,8225,4386,3839,114.2,8284,4438,3846,115.4,8060,4364,3696,118.1,8293,4387,3906,112.3,8082,4330,3752,115.4,8552,4542,4010,113.3,8357,4492,3865,116.2,8862,4713,4149,113.6,8666,4662,4004,116.4
"남구","35~39세",9843,5032,4811,104.6,9706,4980,4726,105.4,9259,4660,4599,101.3,9085,4609,4476,103.0,8658,4392,4266,103.0,8467,4334,4133,104.9,8244,4256,3988,106.7,8041,4194,3847,109.0,7782,4088,3694,110.7,7569,4027,3542,113.7
"남구","40~44세",9469,4792,4677,102.5,9344,4745,4599,103.2,8925,4485,4440,101.0,8804,4433,4371,101.4,8827,4496,4331,103.8,8718,4460,4258,104.7,8903,4510,4393,102.7,8778,4474,4304,103.9,8842,4460,4382,101.8,8717,4424,4293,103.1
"남구","45~49세",11905,5964,5941,100.4,11788,5913,5875,100.6,11417,5738,5679,101.0,11287,5674,5613,101.1,10751,5371,5380,99.8,10641,5323,5318,100.1,10089,5044,5045,100.0,9995,5005,4990,100.3,9437,4663,4774,97.7,9345,4624,4721,97.9
"남구","50~54세",11927,5763,6164,93.5,11813,5710,6103,93.6,11864,5840,6024,96.9,11767,5792,5975,96.9,11856,5876,5980,98.3,11759,5834,5925,98.5,12053,5950,6103,97.5,11953,5904,6049,97.6,11953,5939,6014,98.8,11844,5889,5955,98.9
"남구","55~59세",13945,6528,7417,88.0,13852,6489,7363,88.1,13134,6141,6993,87.8,13049,6106,6943,87.9,12466,5885,6581,89.4,12391,5856,6535,89.6,11679,5605,6074,92.3,11609,5576,6033,92.4,11369,5425,5944,91.3,11291,5397,5894,91.6
"남구","60~64세",12577,5901,6676,88.4,12483,5855,6628,88.3,12954,6008,6946,86.5,12879,5973,6906,86.5,12880,5981,6899,86.7,12799,5946,6853,86.8,13131,6058,7073,85.6,13056,6028,7028,85.8,12887,5956,6931,85.9,12822,5935,6887,86.2
"남구","65~69세",10027,4500,5527,81.4,9990,4481,5509,81.3,9982,4524,5458,82.9,9936,4502,5434,82.8,10643,4785,5858,81.7,10599,4768,5831,81.8,11131,5041,6090,82.8,11079,5024,6055,83.0,11281,5140,6141,83.7,11222,5117,6105,83.8
"남구","70~74세",7620,3324,4296,77.4,7603,3316,4287,77.4,7957,3460,4497,76.9,7933,3451,4482,77.0,8267,3642,4625,78.7,8243,3630,4613,78.7,8511,3710,4801,77.3,8483,3695,4788,77.2,8815,3836,4979,77.0,8783,3821,4962,77.0
"남구","75~79세",7092,2949,4143,71.2,7079,2944,4135,71.2,7039,2928,4111,71.2,7023,2923,4100,71.3,6816,2816,4000,70.4,6804,2812,3992,70.4,6438,2668,3770,70.8,6423,2662,3761,70.8,6401,2605,3796,68.6,6386,2598,3788,68.6
"남구","80~84세",4436,1617,2819,57.4,4430,1615,2815,57.4,4707,1731,2976,58.2,4699,1728,2971,58.2,4872,1782,3090,57.7,4866,1779,3087,57.6,5125,1912,3213,59.5,5118,1910,3208,59.5,5391,2052,3339,61.5,5383,2048,3335,61.4
"남구","85~89세",2043,612,1431,42.8,2040,610,1430,42.7,2292,701,1591,44.1,2286,696,1590,43.8,2506,794,1712,46.4,2501,791,1710,46.3,2704,860,1844,46.6,2699,857,1842,46.5,2857,921,1936,47.6,2852,918,1934,47.5
"남구","90~94세",649,146,503,29.0,648,146,502,29.1,740,174,566,30.7,738,174,564,30.9,818,175,643,27.2,817,175,642,27.3,880,178,702,25.4,879,178,701,25.4,928,221,707,31.3,927,221,706,31.3
"남구","95~99세",135,22,113,19.5,135,22,113,19.5,165,23,142,16.2,165,23,142,16.2,149,23,126,18.3,148,23,125,18.4,178,24,154,15.6,176,24,152,15.8,188,27,161,16.8,186,27,159,17.0
"남구","100세이상",13,X,9,44.4,13,X,9,44.4,11,X,8,37.5,11,X,8,37.5,21,X,20,5.0,21,X,20,5.0,22,X,19,15.8,22,X,19,15.8,30,X,29,3.4,30,X,29,3.4
"남구","15세미만",11795,6101,5694,107.1,11751,6076,5675,107.1,11204,5862,5342,109.7,11131,5830,5301,110.0,10650,5552,5098,108.9,10595,5521,5074,108.8,10205,5312,4893,108.6,10155,5283,4872,108.4,9624,5020,4604,109.0,9581,4996,4585,109.0
"남구","15~64세",106322,52822,53500,98.7,104864,52261,52603,99.3,103403,51116,52287,97.8,101733,50432,51301,98.3,100846,49999,50847,98.3,99194,49369,49825,99.1,99704,49432,50272,98.3,97924,48716,49208,99.0,97160,48160,49000,98.3,95302,47408,47894,99.0
"남구","65세이상",32015,13174,18841,69.9,31938,13138,18800,69.9,32893,13544,19349,70.0,32791,13500,19291,70.0,34092,14018,20074,69.8,33999,13979,20020,69.8,34989,14396,20593,69.9,34879,14353,20526,69.9,35891,14803,21088,70.2,35769,14751,21018,70.2
"남구","85세이상",2840,784,2056,38.1,2836,782,2054,38.1,3208,901,2307,39.1,3200,896,2304,38.9,3494,993,2501,39.7,3487,990,2497,39.6,3784,1065,2719,39.2,3776,1062,2714,39.1,4003,1170,2833,41.3,3995,1167,2828,41.3
"남구","평균연령",46.4,44.7,48.0,-,46.5,44.8,48.1,-,47.0,45.3,48.5,-,47.1,45.4,48.7,-,47.4,45.7,49.0,-,47.6,45.8,49.2,-,47.8,46.0,49.3,-,47.9,46.2,49.6,-,48.2,46.4,49.8,-,48.4,46.6,50.0,-
"남구","중위연령",48.1,46.1,50.1,-,48.3,46.2,50.3,-,48.8,46.8,50.7,-,49.0,47.0,51.0,-,49.4,47.4,51.3,-,49.6,47.5,51.6,-,49.7,47.7,51.6,-,50.0,47.9,51.9,-,50.3,48.2,52.2,-,50.6,48.5,52.6,-
"북구","합계",444759,222248,222511,99.9,438525,219022,219503,99.8,446050,222873,223177,99.9,439084,219367,219717,99.8,446466,222464,224002,99.3,440171,219461,220710,99.4,444446,221221,223225,99.1,438182,218301,219881,99.3,439303,218472,220831,98.9,432605,215309,217296,99.1
"북구","0~4세",17239,8753,8486,103.1,17158,8702,8456,102.9,16063,8260,7803,105.9,15938,8186,7752,105.6,14846,7556,7290,103.6,14731,7503,7228,103.8,13127,6699,6428,104.2,13016,6645,6371,104.3,11714,5975,5739,104.1,11593,5920,5673,104.4
"북구","5~9세",19584,10081,9503,106.1,19540,10064,9476,106.2,19430,9971,9459,105.4,19367,9942,9425,105.5,19370,9955,9415,105.7,19319,9932,9387,105.8,18807,9647,9160,105.3,18730,9606,9124,105.3,17695,9021,8674,104.0,17617,8986,8631,104.1
"북구","10~14세",20835,10806,10029,107.7,20811,10793,10018,107.7,19995,10311,9684,106.5,19964,10292,9672,106.4,19739,10189,9550,106.7,19717,10174,9543,106.6,19638,10150,9488,107.0,19610,10135,9475,107.0,19361,10000,9361,106.8,19328,9988,9340,106.9
"북구","15~19세",27849,14414,13435,107.3,27558,14299,13259,107.8,26948,14039,12909,108.8,26529,13830,12699,108.9,24639,12726,11913,106.8,24383,12629,11754,107.4,22815,11729,11086,105.8,22613,11647,10966,106.2,22298,11383,10915,104.3,21980,11234,10746,104.5
"북구","20~24세",36915,19751,17164,115.1,35555,19080,16475,115.8,37439,20010,17429,114.8,35961,19324,16637,116.2,36905,19604,17301,113.3,35692,19044,16648,114.4,36899,19382,17517,110.6,35610,18820,16790,112.1,34760,18456,16304,113.2,33378,17827,15551,114.6
"북구","25~29세",29497,16506,12991,127.1,28327,15914,12413,128.2,30314,16903,13411,126.0,29078,16293,12785,127.4,31072,17242,13830,124.7,29907,16708,13199,126.6,31567,17445,14122,123.5,30471,16957,13514,125.5,31139,17045,14094,120.9,30000,16530,13470,122.7
"북구","30~34세",25449,13579,11870,114.4,24432,13007,11425,113.8,25081,13447,11634,115.6,24005,12895,11110,116.1,25720,13755,11965,115.0,24665,13233,11432,115.8,25842,13943,11899,117.2,24832,13473,11359,118.6,26244,14266,11978,119.1,25219,13771,11448,120.3
"북구","35~39세",32626,16350,16276,100.5,31964,15978,15986,99.9,31375,15885,15490,102.6,30645,15476,15169,102.0,29425,15056,14369,104.8,28673,14661,14012,104.6,27553,14248,13305,107.1,26767,13845,12922,107.1,25693,13482,12211,110.4,24869,13069,11800,110.8
"북구","40~44세",34397,16906,17491,96.7,33943,16650,17293,96.3,32834,16183,16651,97.2,32326,15906,16420,96.9,32394,16049,16345,98.2,31925,15808,16117,98.1,32179,15984,16195,98.7,31695,15736,15959,98.6,31877,15896,15981,99.5,31363,15640,15723,99.5
"북구","45~49세",41588,20453,21135,96.8,41207,20252,20955,96.6,41069,20091,20978,95.8,40628,19861,20767,95.6,39884,19421,20463,94.9,39469,19203,20266,94.8,37632,18295,19337,94.6,37253,18106,19147,94.6,35641,17301,18340,94.3,35257,17107,18150,94.3
"북구","50~54세",38175,19036,19139,99.5,37897,18903,18994,99.5,39625,19695,19930,98.8,39281,19527,19754,98.9,40650,20162,20488,98.4,40353,20026,20327,98.5,41405,20426,20979,97.4,41080,20262,20818,97.3,41409,20445,20964,97.5,41072,20278,20794,97.5
"북구","55~59세",37112,18534,18578,99.8,36898,18422,18476,99.7,37102,18479,18623,99.2,36867,18360,18507,99.2,36994,18269,18725,97.6,36770,18170,18600,97.7,36263,18034,18229,98.9,36022,17933,18089,99.1,36166,17794,18372,96.9,35904,17676,18228,97.0
"북구","60~64세",27116,13514,13602,99.4,26985,13454,13531,99.4,29210,14563,14647,99.4,29080,14501,14579,99.5,31453,15660,15793,99.2,31330,15598,15732,99.1,33655,16702,16953,98.5,33556,16648,16908,98.5,34833,17252,17581,98.1,34716,17192,17524,98.1
"북구","65~69세",19215,8987,10228,87.9,19139,8950,10189,87.8,19899,9419,10480,89.9,19812,9380,10432,89.9,21709,10307,11402,90.4,21627,10275,11352,90.5,23438,11119,12319,90.3,23359,11086,12273,90.3,24592,11740,12852,91.3,24500,11698,12802,91.4
"북구","70~74세",13688,5965,7723,77.2,13663,5952,7711,77.2,14653,6476,8177,79.2,14622,6463,8159,79.2,15641,6979,8662,80.6,15614,6970,8644,80.6,16724,7522,9202,81.7,16698,7514,9184,81.8,17729,7997,9732,82.2,17692,7982,9710,82.2
"북구","75~79세",12349,5086,7263,70.0,12334,5079,7255,70.0,12624,5115,7509,68.1,12609,5110,7499,68.1,12474,5084,7390,68.8,12458,5079,7379,68.8,12136,5012,7124,70.4,12119,5006,7113,70.4,12077,4976,7101,70.1,12058,4970,7088,70.1
"북구","80~84세",7070,2509,4561,55.0,7064,2506,4558,55.0,7739,2826,4913,57.5,7730,2822,4908,57.5,8307,3046,5261,57.9,8298,3044,5254,57.9,8874,3266,5608,58.2,8864,3264,5600,58.3,9781,3690,6091,60.6,9772,3688,6084,60.6
"북구","85~89세",2965,811,2154,37.7,2960,810,2150,37.7,3448,963,2485,38.8,3442,962,2480,38.8,3877,1148,2729,42.1,3874,1148,2726,42.1,4331,1305,3026,43.1,4327,1305,3022,43.2,4630,1410,3220,43.8,4626,1410,3216,43.8
"북구","90~94세",869,175,694,25.2,869,175,694,25.2,994,212,782,27.1,994,212,782,27.1,1116,221,895,24.7,1116,221,895,24.7,1309,274,1035,26.5,1309,274,1035,26.5,1369,300,1069,28.1,1367,300,1067,28.1
"북구","95~99세",204,31,173,17.9,204,31,173,17.9,188,25,163,15.3,187,25,162,15.4,221,34,187,18.2,221,34,187,18.2,219,38,181,21.0,219,38,181,21.0,250,38,212,17.9,250,38,212,17.9
"북구","100세이상",17,X,16,6.3,17,X,16,6.3,20,X,20,0.0,19,X,19,0.0,30,X,29,3.4,29,X,28,3.6,33,X,32,3.1,32,X,31,3.2,45,5,40,12.5,44,5,39,12.8
"북구","15세미만",57658,29640,28018,105.8,57509,29559,27950,105.8,55488,28542,26946,105.9,55269,28420,26849,105.9,53955,27700,26255,105.5,53767,27609,26158,105.5,51572,26496,25076,105.7,51356,26386,24970,105.7,48770,24996,23774,105.1,48538,24894,23644,105.3
"북구","15~64세",330724,169043,161681,104.6,324766,165959,158807,104.5,330997,169295,161702,104.7,324400,165973,158427,104.8,329136,167944,161192,104.2,323167,165080,158087,104.4,325810,166188,159622,104.1,319899,163427,156472,104.4,320060,163320,156740,104.2,313758,160324,153434,104.5
"북구","65세이상",56377,23565,32812,71.8,56250,23504,32746,71.8,59565,25036,34529,72.5,59415,24974,34441,72.5,63375,26820,36555,73.4,63237,26772,36465,73.4,67064,28537,38527,74.1,66927,28488,38439,74.1,70473,30156,40317,74.8,70309,30091,40218,74.8
"북구","85세이상",4055,1018,3037,33.5,4050,1017,3033,33.5,4650,1200,3450,34.8,4642,1199,3443,34.8,5244,1404,3840,36.6,5240,1404,3836,36.6,5892,1618,4274,37.9,5887,1618,4269,37.9,6294,1753,4541,38.6,6287,1753,4534,38.7
"북구","평균연령",40.7,39.4,41.9,-,40.8,39.5,42.0,-,41.2,40.0,42.5,-,41.4,40.1,42.7,-,41.9,40.6,43.1,-,42.0,40.7,43.3,-,42.5,41.2,43.8,-,42.6,41.3,43.9,-,43.2,41.9,44.5,-,43.3,42.0,44.7,-
"북구","중위연령",42.0,40.3,43.5,-,42.2,40.6,43.7,-,42.6,40.8,44.2,-,42.9,41.1,44.5,-,43.3,41.5,45.0,-,43.6,41.8,45.3,-,44.0,42.2,45.7,-,44.3,42.5,46.1,-,44.8,43.0,46.6,-,45.2,43.2,46.9,-
"수성구","합계",418834,204032,214802,95.0,416581,203033,213548,95.1,415283,202137,213146,94.8,412809,201042,211767,94.9,412912,200040,212872,94.0,410742,199194,211548,94.2,408085,197716,210369,94.0,405938,196873,209065,94.2,402458,194837,207621,93.8,400315,193991,206324,94.0
"수성구","0~4세",12123,6261,5862,106.8,12098,6249,5849,106.8,11304,5832,5472,106.6,11258,5815,5443,106.8,10417,5364,5053,106.2,10381,5349,5032,106.3,9659,4983,4676,106.6,9621,4965,4656,106.6,8870,4603,4267,107.9,8831,4583,4248,107.9
"수성구","5~9세",18952,9746,9206,105.9,18924,9731,9193,105.9,18844,9655,9189,105.1,18806,9636,9170,105.1,18882,9695,9187,105.5,18842,9670,9172,105.4,18582,9592,8990,106.7,18539,9569,8970,106.7,17683,9093,8590,105.9,17640,9071,8569,105.9
"수성구","10~14세",24444,12846,11598,110.8,24419,12833,11586,110.8,23704,12452,11252,110.7,23684,12442,11242,110.7,23770,12458,11312,110.1,23755,12448,11307,110.1,23591,12253,11338,108.1,23569,12240,11329,108.0,23224,12038,11186,107.6,23203,12024,11179,107.6
"수성구","15~19세",29872,16058,13814,116.2,29786,16024,13762,116.4,28163,15190,12973,117.1,28064,15137,12927,117.1,25854,13847,12007,115.3,25821,13831,11990,115.4,23967,12881,11086,116.2,23944,12867,11077,116.2,23103,12339,10764,114.6,23068,12316,10752,114.5
"수성구","20~24세",28329,15544,12785,121.6,27996,15398,12598,122.2,27342,14991,12351,121.4,26949,14816,12133,122.1,27515,14855,12660,117.3,27154,14712,12442,118.2,25685,13931,11754,118.5,25355,13798,11557,119.4,23141,12709,10432,121.8,22870,12598,10272,122.6
"수성구","25~29세",23548,12534,11014,113.8,23151,12385,10766,115.0,23891,12761,11130,114.7,23466,12596,10870,115.9,24196,12843,11353,113.1,23843,12727,11116,114.5,23734,12535,11199,111.9,23388,12425,10963,113.3,23004,12074,10930,110.5,22649,11953,10696,111.8
"수성구","30~34세",17910,9145,8765,104.3,17596,9015,8581,105.1,17887,9243,8644,106.9,17556,9116,8440,108.0,18025,9298,8727,106.5,17718,9195,8523,107.9,18648,9665,8983,107.6,18337,9563,8774,109.0,19415,10126,9289,109.0,19110,10029,9081,110.4
"수성구","35~39세",26289,12015,14274,84.2,26021,11886,14135,84.1,25061,11530,13531,85.2,24784,11408,13376,85.3,23542,10847,12695,85.4,23268,10743,12525,85.8,22106,10319,11787,87.5,21826,10207,11619,87.8,20465,9733,10732,90.7,20192,9630,10562,91.2
"수성구","40~44세",32846,14698,18148,81.0,32676,14611,18065,80.9,31419,14140,17279,81.8,31235,14049,17186,81.7,31259,14169,17090,82.9,31087,14095,16992,83.0,31179,14120,17059,82.8,30993,14036,16957,82.8,31062,14120,16942,83.3,30862,14032,16830,83.4
"수성구","45~49세",43375,20187,23188,87.1,43193,20101,23092,87.0,42034,19431,22603,86.0,41833,19334,22499,85.9,40049,18334,21715,84.4,39899,18271,21628,84.5,37548,17267,20281,85.1,37400,17198,20202,85.1,35595,16350,19245,85.0,35459,16290,19169,85.0
"수성구","50~54세",38830,19137,19693,97.2,38666,19061,19605,97.2,39571,19324,20247,95.4,39404,19247,20157,95.5,39975,19334,20641,93.7,39818,19277,20541,93.8,40614,19499,21115,92.3,40470,19445,21025,92.5,40425,19254,21171,90.9,40281,19203,21078,91.1
"수성구","55~59세",35403,17365,18038,96.3,35279,17311,17968,96.3,35104,17230,17874,96.4,34972,17166,17806,96.4,34442,16767,17675,94.9,34322,16714,17608,94.9,33534,16436,17098,96.1,33416,16397,17019,96.3,33761,16547,17214,96.1,33637,16499,17138,96.3
"수성구","60~64세",27118,13154,13964,94.2,27050,13121,13929,94.2,28762,13894,14868,93.4,28678,13851,14827,93.4,29826,14379,15447,93.1,29746,14346,15400,93.2,30960,14932,16028,93.2,30880,14899,15981,93.2,31275,15053,16222,92.8,31170,15009,16161,92.9
"수성구","65~69세",19738,9133,10605,86.1,19700,9116,10584,86.1,20191,9403,10788,87.2,20155,9387,10768,87.2,21660,10098,11562,87.3,21624,10083,11541,87.4,23122,10830,12292,88.1,23082,10811,12271,88.1,24221,11392,12829,88.8,24175,11372,12803,88.8
"수성구","70~74세",14122,6318,7804,81.0,14104,6308,7796,80.9,14993,6713,8280,81.1,14973,6705,8268,81.1,15874,7144,8730,81.8,15861,7140,8721,81.9,16931,7528,9403,80.1,16913,7520,9393,80.1,17613,7859,9754,80.6,17590,7849,9741,80.6
"수성구","75~79세",12730,5397,7333,73.6,12725,5394,7331,73.6,12849,5425,7424,73.1,12839,5419,7420,73.0,12567,5327,7240,73.6,12553,5318,7235,73.5,12110,5196,6914,75.2,12098,5189,6909,75.1,12379,5329,7050,75.6,12364,5320,7044,75.5
"수성구","80~84세",8195,3068,5127,59.8,8192,3067,5125,59.8,8581,3244,5337,60.8,8576,3243,5333,60.8,8848,3382,5466,61.9,8846,3382,5464,61.9,9310,3627,5683,63.8,9307,3625,5682,63.8,9957,3905,6052,64.5,9953,3902,6051,64.5
"수성구","85~89세",3729,1123,2606,43.1,3726,1121,2605,43.0,4119,1326,2793,47.5,4116,1324,2792,47.4,4582,1510,3072,49.2,4578,1507,3071,49.1,4979,1684,3295,51.1,4976,1683,3293,51.1,5262,1813,3449,52.6,5259,1812,3447,52.6
"수성구","90~94세",1067,252,815,30.9,1066,251,815,30.8,1240,304,936,32.5,1239,303,936,32.4,1358,324,1034,31.3,1356,322,1034,31.1,1531,375,1156,32.4,1530,374,1156,32.4,1668,437,1231,35.5,1668,437,1231,35.5
"수성구","95~99세",185,47,138,34.1,185,47,138,34.1,193,43,150,28.7,192,43,149,28.9,242,58,184,31.5,242,58,184,31.5,258,57,201,28.4,258,57,201,28.4,297,61,236,25.8,296,60,236,25.4
"수성구","100세이상",29,X,25,16.0,28,X,25,12.0,31,6,25,24.0,30,5,25,20.0,29,7,22,31.8,28,6,22,27.3,37,6,31,19.4,36,5,31,16.1,38,X,36,5.6,38,X,36,5.6
"수성구","15세미만",55519,28853,26666,108.2,55441,28813,26628,108.2,53852,27939,25913,107.8,53748,27893,25855,107.9,53069,27517,25552,107.7,52978,27467,25511,107.7,51832,26828,25004,107.3,51729,26774,24955,107.3,49777,25734,24043,107.0,49674,25678,23996,107.0
"수성구","15~64세",303520,149837,153683,97.5,301414,148913,152501,97.6,299234,147734,151500,97.5,296941,146720,150221,97.7,294683,144673,150010,96.4,292676,143911,148765,96.7,287975,141585,146390,96.7,286009,140835,145174,97.0,281246,138305,142941,96.8,279298,137559,141739,97.1
"수성구","65세이상",59795,25342,34453,73.6,59726,25307,34419,73.5,62197,26464,35733,74.1,62120,26429,35691,74.0,65160,27850,37310,74.6,65088,27816,37272,74.6,68278,29303,38975,75.2,68200,29264,38936,75.2,71435,30798,40637,75.8,71343,30754,40589,75.8
"수성구","85세이상",5010,1426,3584,39.8,5005,1422,3583,39.7,5583,1679,3904,43.0,5577,1675,3902,42.9,6211,1899,4312,44.0,6204,1893,4311,43.9,6805,2122,4683,45.3,6800,2119,4681,45.3,7265,2313,4952,46.7,7261,2311,4950,46.7
"수성구","평균연령",41.9,40.4,43.2,-,41.9,40.5,43.3,-,42.4,41.0,43.8,-,42.5,41.0,43.9,-,42.9,41.4,44.3,-,42.9,41.5,44.3,-,43.5,42.0,44.9,-,43.5,42.1,44.9,-,44.1,42.7,45.5,-,44.2,42.7,45.6,-
"수성구","중위연령",44.4,42.9,45.4,-,44.4,43.0,45.5,-,45.0,43.5,46.1,-,45.1,43.5,46.2,-,45.4,43.9,46.6,-,45.5,43.9,46.6,-,46.0,44.5,47.2,-,46.1,44.6,47.3,-,46.7,45.2,47.9,-,46.8,45.3,48.0,-
"달서구","합계",576746,287606,289140,99.5,565569,280727,284842,98.6,574390,285722,288668,99.0,561077,277785,283292,98.1,566712,280919,285793,98.3,553689,273497,280192,97.6,554702,274424,280278,97.9,541730,267202,274528,97.3,545073,269226,275847,97.6,531562,261686,269876,97.0
"달서구","0~4세",20142,10433,9709,107.5,20008,10364,9644,107.5,18705,9680,9025,107.3,18536,9594,8942,107.3,16565,8575,7990,107.3,16423,8504,7919,107.4,14098,7258,6840,106.1,13955,7189,6766,106.3,12806,6505,6301,103.2,12680,6440,6240,103.2
"달서구","5~9세",24916,12796,12120,105.6,24835,12760,12075,105.7,24491,12480,12011,103.9,24400,12441,11959,104.0,23882,12168,11714,103.9,23797,12126,11671,103.9,22811,11640,11171,104.2,22704,11590,11114,104.3,21325,10975,10350,106.0,21213,10928,10285,106.3
"달서구","10~14세",26447,13693,12754,107.4,26404,13672,12732,107.4,25591,13273,12318,107.8,25533,13250,12283,107.9,25233,13034,12199,106.8,25187,13020,12167,107.0,25017,12902,12115,106.5,24963,12881,12082,106.6,24715,12720,11995,106.0,24648,12693,11955,106.2
"달서구","15~19세",36141,19032,17109,111.2,35701,18803,16898,111.3,33843,17674,16169,109.3,32828,17172,15656,109.7,31290,16201,15089,107.4,30240,15678,14562,107.7,28062,14531,13531,107.4,27746,14387,13359,107.7,27098,13962,13136,106.3,26738,13800,12938,106.7
"달서구","20~24세",44014,23540,20474,115.0,42148,22469,19679,114.2,43259,22972,20287,113.2,40811,21562,19249,112.0,43002,22679,20323,111.6,40398,21229,19169,110.7,41516,21652,19864,109.0,38149,19905,18244,109.1,38461,20093,18368,109.4,35001,18307,16694,109.7
"달서구","25~29세",39651,21943,17708,123.9,37467,20504,16963,120.9,40290,22018,18272,120.5,37987,20566,17421,118.1,40307,21809,18498,117.9,38142,20509,17633,116.3,39650,21277,18373,115.8,37465,20014,17451,114.7,37933,20199,17734,113.9,35645,18872,16773,112.5
"달서구","30~34세",32707,17597,15110,116.5,30662,16289,14373,113.3,32799,17823,14976,119.0,30555,16434,14121,116.4,32587,17853,14734,121.2,30460,16581,13879,119.5,31882,17548,14334,122.4,29835,16319,13516,120.7,32595,17919,14676,122.1,30571,16661,13910,119.8
"달서구","35~39세",41605,20834,20771,100.3,40135,19839,20296,97.7,39795,20078,19717,101.8,38179,19016,19163,99.2,36617,18491,18126,102.0,35018,17519,17499,100.1,33532,17135,16397,104.5,31996,16213,15783,102.7,31161,16202,14959,108.3,29553,15254,14299,106.7
"달서구","40~44세",43195,21200,21995,96.4,42248,20586,21662,95.0,41635,20400,21235,96.1,40548,19711,20837,94.6,40896,20101,20795,96.7,39834,19459,20375,95.5,39885,19567,20318,96.3,38815,18925,19890,95.1,39671,19501,20170,96.7,38516,18817,19699,95.5
"달서구","45~49세",53741,25824,27917,92.5,52941,25318,27623,91.7,52055,25159,26896,93.5,51150,24608,26542,92.7,49091,23541,25550,92.1,48289,23074,25215,91.5,45805,22142,23663,93.6,45034,21708,23326,93.1,43239,20961,22278,94.1,42436,20509,21927,93.5
"달서구","50~54세",52905,25518,27387,93.2,52397,25240,27157,92.9,53866,25920,27946,92.8,53244,25551,27693,92.3,53289,25688,27601,93.1,52671,25346,27325,92.8,53190,25490,27700,92.0,52553,25131,27422,91.6,51779,24805,26974,92.0,51107,24418,26689,91.5
"달서구","55~59세",53107,26184,26923,97.3,52798,26022,26776,97.2,52382,25684,26698,96.2,52012,25491,26521,96.1,51001,24902,26099,95.4,50633,24724,25909,95.4,48915,23953,24962,96.0,48525,23763,24762,96.0,48431,23533,24898,94.5,48028,23329,24699,94.5
"달서구","60~64세",37875,18933,18942,100.0,37690,18853,18837,100.1,40983,20336,20647,98.5,40792,20244,20548,98.5,43257,21369,21888,97.6,43091,21293,21798,97.7,46060,22533,23527,95.8,45896,22447,23449,95.7,47050,22850,24200,94.4,46834,22745,24089,94.4
"달서구","65~69세",25775,12277,13498,91.0,25673,12237,13436,91.1,27102,12938,14164,91.3,26987,12894,14093,91.5,29638,14046,15592,90.1,29526,14004,15522,90.2,31960,15252,16708,91.3,31862,15217,16645,91.4,33412,16133,17279,93.4,33312,16089,17223,93.4
"달서구","70~74세",16791,7724,9067,85.2,16767,7711,9056,85.1,18248,8502,9746,87.2,18216,8488,9728,87.3,19777,9233,10544,87.6,19738,9218,10520,87.6,21279,9886,11393,86.8,21230,9870,11360,86.9,22760,10482,12278,85.4,22689,10458,12231,85.5
"달서구","75~79세",14130,5763,8367,68.9,14106,5751,8355,68.8,14526,5978,8548,69.9,14504,5967,8537,69.9,14372,6000,8372,71.7,14351,5991,8360,71.7,13973,5989,7984,75.0,13957,5981,7976,75.0,14168,6142,8026,76.5,14151,6132,8019,76.5
"달서구","80~84세",8616,3015,5601,53.8,8605,3011,5594,53.8,9300,3296,6004,54.9,9286,3291,5995,54.9,9753,3501,6252,56.0,9743,3497,6246,56.0,10194,3740,6454,57.9,10181,3736,6445,58.0,11230,4207,7023,59.9,11213,4200,7013,59.9
"달서구","85~89세",3729,1023,2706,37.8,3726,1021,2705,37.7,4098,1182,2916,40.5,4091,1177,2914,40.4,4575,1381,3194,43.2,4571,1379,3192,43.2,5079,1542,3537,43.6,5073,1540,3533,43.6,5318,1610,3708,43.4,5309,1608,3701,43.4
"달서구","90~94세",1057,233,824,28.3,1056,233,823,28.3,1205,279,926,30.1,1201,278,923,30.1,1328,297,1031,28.8,1325,296,1029,28.8,1525,332,1193,27.8,1522,331,1191,27.8,1649,370,1279,28.9,1646,369,1277,28.9
"달서구","95~99세",182,41,141,29.1,182,41,141,29.1,196,48,148,32.4,196,48,148,32.4,226,48,178,27.0,226,48,178,27.0,235,51,184,27.7,235,51,184,27.7,240,52,188,27.7,240,52,188,27.7
"달서구","100세이상",20,X,17,17.6,20,X,17,17.6,21,X,19,10.5,21,X,19,10.5,26,X,24,8.3,26,X,24,8.3,34,X,30,13.3,34,X,30,13.3,32,5,27,18.5,32,5,27,18.5
"달서구","15세미만",71505,36922,34583,106.8,71247,36796,34451,106.8,68787,35433,33354,106.2,68469,35285,33184,106.3,65680,33777,31903,105.9,65407,33650,31757,106.0,61926,31800,30126,105.6,61622,31660,29962,105.7,58846,30200,28646,105.4,58541,30061,28480,105.6
"달서구","15~64세",434941,220605,214336,102.9,424187,213923,210264,101.7,430907,218064,212843,102.5,418106,210355,207751,101.3,421337,212634,208703,101.9,408776,205412,203364,101.0,408497,205828,202669,101.6,396014,198812,197202,100.8,397418,200025,197393,101.3,384429,192712,191717,100.5
"달서구","65세이상",70300,30079,40221,74.8,70135,30008,40127,74.8,74696,32225,42471,75.9,74502,32145,42357,75.9,79695,34508,45187,76.4,79506,34435,45071,76.4,84279,36796,47483,77.5,84094,36730,47364,77.5,88809,39001,49808,78.3,88592,38913,49679,78.3
"달서구","85세이상",4988,1300,3688,35.2,4984,1298,3686,35.2,5520,1511,4009,37.7,5509,1505,4004,37.6,6155,1728,4427,39.0,6148,1725,4423,39.0,6873,1929,4944,39.0,6864,1926,4938,39.0,7239,2037,5202,39.2,7227,2034,5193,39.2
"달서구","평균연령",41.1,39.9,42.3,-,41.2,40.0,42.4,-,41.7,40.5,42.9,-,41.9,40.7,43.1,-,42.3,41.1,43.5,-,42.6,41.4,43.7,-,43.1,41.9,44.3,-,43.4,42.1,44.5,-,43.8,42.5,45.0,-,44.0,42.8,45.2,-
"달서구","중위연령",42.8,41.0,44.4,-,43.2,41.5,44.6,-,43.5,41.7,45.1,-,44.0,42.3,45.4,-,44.2,42.4,45.8,-,44.7,43.0,46.2,-,45.1,43.4,46.7,-,45.7,44.0,47.1,-,45.9,44.1,47.5,-,46.4,44.7,48.0,-
"달성군","합계",250753,128469,122284,105.1,243009,123305,119704,103.0,258474,132291,126183,104.8,249772,126612,123160,102.8,261013,133128,127885,104.1,253033,128117,124916,102.6,264854,134809,130045,103.7,257115,130033,127082,102.3,266123,135333,130790,103.5,257746,130157,127589,102.0
"달성군","0~4세",15534,7785,7749,100.5,15399,7735,7664,100.9,15230,7685,7545,101.9,15053,7611,7442,102.3,14196,7219,6977,103.5,13995,7127,6868,103.8,13147,6708,6439,104.2,12938,6610,6328,104.5,11958,6115,5843,104.7,11724,5996,5728,104.7
"달성군","5~9세",14437,7383,7054,104.7,14347,7335,7012,104.6,15127,7739,7388,104.8,14988,7674,7314,104.9,15472,7887,7585,104.0,15352,7843,7509,104.4,15855,8065,7790,103.5,15694,8004,7690,104.1,15418,7805,7613,102.5,15218,7721,7497,103.0
"달성군","10~14세",11332,5852,5480,106.8,11267,5820,5447,106.8,11797,6071,5726,106.0,11697,6031,5666,106.4,12397,6391,6006,106.4,12308,6342,5966,106.3,13298,6804,6494,104.8,13173,6735,6438,104.6,13961,7205,6756,106.6,13818,7130,6688,106.6
"달성군","15~19세",11602,6324,5278,119.8,11536,6290,5246,119.9,11725,6301,5424,116.2,11634,6253,5381,116.2,11107,5858,5249,111.6,11028,5816,5212,111.6,10871,5776,5095,113.4,10788,5729,5059,113.2,11211,5799,5412,107.2,11088,5728,5360,106.9
"달성군","20~24세",13832,8007,5825,137.5,13178,7579,5599,135.4,13863,8020,5843,137.3,13155,7553,5602,134.8,13576,7691,5885,130.7,13015,7355,5660,129.9,12848,7251,5597,129.6,12408,7009,5399,129.8,11889,6822,5067,134.6,11405,6521,4884,133.5
"달성군","25~29세",16498,9281,7217,128.6,14908,8116,6792,119.5,16661,9306,7355,126.5,15065,8182,6883,118.9,16334,9144,7190,127.2,14955,8199,6756,121.4,16201,9097,7104,128.1,15022,8303,6719,123.6,15858,8906,6952,128.1,14611,8056,6555,122.9
"달성군","30~34세",19935,10738,9197,116.8,18239,9493,8746,108.5,19986,10815,9171,117.9,18154,9488,8666,109.5,19363,10441,8922,117.0,17730,9302,8428,110.4,19257,10357,8900,116.4,17723,9307,8416,110.6,19331,10429,8902,117.2,17713,9336,8377,111.4
"달성군","35~39세",25553,13316,12237,108.8,24364,12482,11882,105.0,25514,13363,12151,110.0,24133,12400,11733,105.7,24460,12885,11575,111.3,23143,11984,11159,107.4,23631,12475,11156,111.8,22290,11572,10718,108.0,22187,11742,10445,112.4,20740,10793,9947,108.5
"달성군","40~44세",20718,11098,9620,115.4,20013,10629,9384,113.3,21592,11478,10114,113.5,20728,10926,9802,111.5,22808,11986,10822,110.8,21981,11481,10500,109.3,24260,12675,11585,109.4,23383,12134,11249,107.9,25032,12975,12057,107.6,24057,12377,11680,106.0
"달성군","45~49세",20146,10316,9830,104.9,19580,9972,9608,103.8,20836,10831,10005,108.3,20170,10421,9749,106.9,20848,10891,9957,109.4,20243,10524,9719,108.3,20775,10924,9851,110.9,20159,10545,9614,109.7,21043,11091,9952,111.4,20420,10704,9716,110.2
"달성군","50~54세",19125,9504,9621,98.8,18699,9272,9427,98.4,20049,9830,10219,96.2,19563,9555,10008,95.5,20428,10035,10393,96.6,19955,9787,10168,96.3,20998,10329,10669,96.8,20518,10078,10440,96.5,21398,10714,10684,100.3,20876,10431,10445,99.9
"달성군","55~59세",19558,9756,9802,99.5,19291,9621,9670,99.5,19944,9928,10016,99.1,19623,9771,9852,99.2,20009,9919,10090,98.3,19686,9750,9936,98.1,19681,9693,9988,97.0,19342,9512,9830,96.8,19639,9548,10091,94.6,19259,9347,9912,94.3
"달성군","60~64세",14290,7152,7138,100.2,14130,7062,7068,99.9,16020,7996,8024,99.7,15829,7887,7942,99.3,17307,8625,8682,99.3,17101,8523,8578,99.4,18814,9312,9502,98.0,18618,9217,9401,98.0,19623,9683,9940,97.4,19433,9593,9840,97.5
"달성군","65~69세",9894,4842,5052,95.8,9808,4802,5006,95.9,10389,5114,5275,96.9,10301,5071,5230,97.0,11612,5662,5950,95.2,11514,5612,5902,95.1,12951,6322,6629,95.4,12858,6276,6582,95.4,13732,6702,7030,95.3,13622,6649,6973,95.4
"달성군","70~74세",6473,3084,3389,91.0,6445,3069,3376,90.9,7156,3434,3722,92.3,7122,3416,3706,92.2,7932,3830,4102,93.4,7884,3814,4070,93.7,8610,4131,4479,92.2,8570,4118,4452,92.5,9500,4575,4925,92.9,9457,4561,4896,93.2
"달성군","75~79세",5612,2145,3467,61.9,5603,2144,3459,62.0,5719,2296,3423,67.1,5706,2292,3414,67.1,5774,2422,3352,72.3,5763,2417,3346,72.2,5702,2474,3228,76.6,5686,2468,3218,76.7,5815,2554,3261,78.3,5790,2547,3243,78.5
"달성군","80~84세",3729,1239,2490,49.8,3720,1237,2483,49.8,4051,1373,2678,51.3,4042,1372,2670,51.4,4193,1411,2782,50.7,4185,1410,2775,50.8,4465,1512,2953,51.2,4457,1512,2945,51.3,4768,1682,3086,54.5,4757,1681,3076,54.6
"달성군","85~89세",1799,492,1307,37.6,1797,492,1305,37.7,2027,545,1482,36.8,2025,544,1481,36.7,2285,631,1654,38.1,2284,631,1653,38.2,2493,700,1793,39.0,2491,700,1791,39.1,2646,754,1892,39.9,2644,754,1890,39.9
"달성군","90~94세",561,127,434,29.3,560,127,433,29.3,657,140,517,27.1,653,139,514,27.0,742,166,576,28.8,741,166,575,28.9,817,168,649,25.9,817,168,649,25.9,913,195,718,27.2,913,195,718,27.2
"달성군","95~99세",114,27,87,31.0,114,27,87,31.0,120,24,96,25.0,120,24,96,25.0,152,30,122,24.6,152,30,122,24.6,159,34,125,27.2,159,34,125,27.2,181,31,150,20.7,181,31,150,20.7
"달성군","100세이상",11,X,10,10.0,11,X,10,10.0,11,X,9,22.2,11,X,9,22.2,18,X,14,28.6,18,X,14,28.6,21,X,19,10.5,21,X,19,10.5,20,6,14,42.9,20,6,14,42.9
"달성군","15세미만",41303,21020,20283,103.6,41013,20890,20123,103.8,42154,21495,20659,104.0,41738,21316,20422,104.4,42065,21497,20568,104.5,41655,21312,20343,104.8,42300,21577,20723,104.1,41805,21349,20456,104.4,41337,21125,20212,104.5,40760,20847,19913,104.7
"달성군","15~64세",181257,95492,85765,111.3,173938,90516,83422,108.5,186190,97868,88322,110.8,178054,92436,85618,108.0,186240,97475,88765,109.8,178837,92721,86116,107.7,187336,97889,89447,109.4,180251,93406,86845,107.6,187211,97709,89502,109.2,179602,92886,86716,107.1
"달성군","65세이상",28193,11957,16236,73.6,28058,11899,16159,73.6,30130,12928,17202,75.2,29980,12860,17120,75.1,32708,14156,18552,76.3,32541,14084,18457,76.3,35218,15343,19875,77.2,35059,15278,19781,77.2,37575,16499,21076,78.3,37384,16424,20960,78.4
"달성군","85세이상",2485,647,1838,35.2,2482,647,1835,35.3,2815,711,2104,33.8,2809,709,2100,33.8,3197,831,2366,35.1,3195,831,2364,35.2,3490,904,2586,35.0,3488,904,2584,35.0,3760,986,2774,35.5,3758,986,2772,35.6
"달성군","평균연령",39.1,38.0,40.3,-,39.3,38.1,40.4,-,39.6,38.5,40.8,-,39.7,38.6,40.9,-,40.2,39.1,41.4,-,40.4,39.2,41.5,-,40.8,39.6,42.0,-,40.9,39.7,42.1,-,41.4,40.2,42.6,-,41.5,40.4,42.7,-
"달성군","중위연령",39.3,38.3,40.6,-,39.6,38.7,40.8,-,39.9,38.9,41.1,-,40.2,39.3,41.3,-,40.7,39.7,41.8,-,41.0,40.0,42.1,-,41.4,40.3,42.5,-,41.6,40.6,42.8,-,42.1,41.0,43.3,-,42.5,41.4,43.6,-
